user,n_mints
ID-0138,2
ID-0139,10
ID-0140,4
ID-0142,5
ID-0143,0
ID-0141,2
ID-0144,0
ID-0145,12
ID-0146,5
ID-0147,7
ID-0148,4
ID-0149,10
ID-0150,5
ID-0151,0
ID-0152,4
ID-0153,16
ID-0154,42
ID-0155,NA
ID-0156,6
ID-0157,3
ID-0158,6
ID-0159,6
ID-0160,NA
ID-0161,8
ID-0162,3
ID-0163,12
ID-0164,3
ID-0165,3
ID-0166,7
ID-0167,8
ID-0168,6
ID-0169,4
ID-0170,5
ID-0171,4
ID-0172,4
ID-0173,NA
ID-0174,0
ID-0175,2
ID-0176,NA
ID-0177,NA
ID-0178,12
ID-0179,13
ID-0180,9
ID-0181,2
ID-0182,3
ID-0183,7
ID-0184,3
ID-0185,7
ID-0186,6
ID-0187,0
ID-0188,3
ID-0189,5
ID-0190,5
ID-0191,11
ID-0192,6
ID-0193,3
ID-0194,23
ID-0195,NA
ID-0196,12
ID-0197,7
ID-0198,6
ID-0199,NA
ID-0200,6
ID-0201,15
ID-0202,3
ID-0203,4
ID-0204,8
ID-0205,5
ID-0206,2
ID-0207,3
ID-0208,6
ID-0209,NA
ID-0210,7
ID-0211,200
ID-0212,42
ID-0213,4
ID-0214,435
ID-0215,8
ID-0216,3
ID-0217,15
ID-0218,5
ID-0219,3
ID-0220,3
ID-0221,1
ID-0222,6
ID-0223,2
ID-0224,8
ID-0225,6
ID-0226,3
ID-0227,7
ID-0228,5
ID-0229,7
ID-0230,11
ID-0231,4
ID-0232,5
ID-0233,17
ID-0234,4
ID-0235,23
ID-0236,32
ID-0237,24
ID-0238,7
ID-0239,23
ID-0240,5
ID-0241,24
ID-0242,5
ID-0243,0
ID-0244,3
ID-0245,4
ID-0246,3
ID-0247,5
ID-0248,6
ID-0249,3
ID-0250,0
ID-0251,3
ID-0252,7
ID-0253,7
ID-0254,90324
ID-0255,42
ID-0256,NA
ID-0257,8
ID-0258,7
ID-0259,0
ID-0260,5
ID-0261,4
ID-0262,NA
ID-0263,21
ID-0264,5
ID-0265,5
ID-0266,7
ID-0267,14
ID-0268,NA
ID-0269,0
ID-0270,1000000
ID-0271,12
ID-0272,7
ID-0273,6
ID-0274,NA
ID-0275,3
ID-0276,NA
ID-0277,7
ID-0278,10
ID-0279,11
ID-0280,5
ID-0281,15
ID-0282,3
ID-0283,NA
ID-0284,5
ID-0285,19
ID-0286,5
ID-0287,NA
ID-0288,NA
ID-0289,7
ID-0290,23
ID-0291,7
ID-0292,6
ID-0293,NA
ID-0294,4
ID-0295,7
ID-0296,3
ID-0297,3
ID-0298,53
ID-0299,NA
ID-0300,6
ID-0301,3
ID-0302,3
ID-0303,7
ID-0304,4
ID-0305,53
ID-0306,7
ID-0307,5
ID-0308,8
ID-0309,5
ID-0310,7
ID-0311,0
ID-0312,3
ID-0313,0
ID-0314,14
ID-0315,14
ID-0316,NA
ID-0317,NA
ID-0318,NA
ID-0319,6
ID-0320,9
ID-0321,3
ID-0322,7
ID-0323,0
ID-0324,3
ID-0325,4
ID-0326,3
ID-0327,NA
ID-0328,17
ID-0329,13
ID-0330,NA
ID-0331,36
ID-0332,12
ID-0333,4
ID-0334,17
ID-0335,0
ID-0336,3
ID-0337,43
ID-0338,33
ID-0339,0
ID-0340,6
ID-0341,16
ID-0342,4
ID-0343,17
ID-0344,4
ID-0345,7
ID-0346,5
ID-0347,3
ID-0348,8
ID-0349,5
ID-0350,5
ID-0351,3
ID-0352,24
ID-0353,NA
ID-0354,2
ID-0355,4
ID-0356,11
ID-0357,2
ID-0358,23
ID-0359,3
ID-0360,3
ID-0361,3
ID-0362,4
ID-0363,9
ID-0364,NA
ID-0365,2
ID-0366,0
ID-0367,6
ID-0368,7
ID-0369,4
ID-0370,6
ID-0371,NA
ID-0372,17
ID-0373,NA
ID-0374,NA
ID-0375,7
ID-0376,3
ID-0377,NA
ID-0378,6
ID-0379,NA
ID-0380,5
ID-0381,5
ID-0382,0
ID-0383,5
ID-0384,12
ID-0385,54
ID-0386,1
ID-0387,4
ID-0388,3
ID-0389,NA
ID-0390,3
ID-0391,12
ID-0392,NA
ID-0393,27
ID-0394,3
ID-0395,NA
ID-0396,2
ID-0397,6
ID-0398,18
ID-0399,23
ID-0400,4
ID-0401,5
ID-0402,4
ID-0403,16
ID-0404,4
ID-0405,4
ID-0406,5
ID-0407,1337
ID-0408,14
ID-0409,0
ID-0410,3
ID-0411,NA
ID-0412,17
ID-0413,7
ID-0414,5
ID-0415,NA
ID-0416,3
ID-0417,5
ID-0418,5
ID-0419,NA
ID-0420,1
ID-0421,1
ID-0422,10
ID-0423,42
ID-0424,12
ID-0425,6
ID-0426,0
ID-0427,7
ID-0428,5
ID-0429,6
ID-0430,6
ID-0431,2
ID-0432,NA
ID-0433,NA
ID-0434,0
ID-0435,NA
ID-0436,7
ID-0437,137
ID-0438,6
ID-0439,1
ID-0440,4
ID-0441,4
ID-0442,14
ID-0443,6
ID-0444,5
ID-0445,3
ID-0446,5
ID-0447,17
ID-0448,NA
ID-0449,5
ID-0450,24
ID-0451,7
ID-0452,15
ID-0453,8
ID-0454,4
ID-0455,4
ID-0456,3
ID-0457,78
ID-0458,7
ID-0459,3
ID-0460,6
ID-0462,37
ID-0461,0
ID-0463,5
ID-0464,5
ID-0465,7
ID-0466,5
ID-0467,7
ID-0468,5
ID-0469,NA
ID-0470,3
ID-0471,2
ID-0472,3
ID-0473,6
ID-0474,12
ID-0475,5
ID-0476,0
ID-0477,42
ID-0478,38
ID-0479,8
ID-0480,5
ID-0481,6
ID-0482,4
ID-0483,6
ID-0484,8
ID-0485,7
ID-0486,5
ID-0487,0
ID-0488,14
ID-0489,5
ID-0490,14
ID-0491,4
ID-0492,3
ID-0493,5
ID-0494,4
ID-0495,2
ID-0496,0
ID-0497,2
ID-0498,5
ID-0499,3
ID-0500,3
ID-0501,0
ID-0502,3
ID-0503,17
ID-0504,17
ID-0505,NA
ID-0506,NA
ID-0507,12
ID-0508,23
ID-0509,14
ID-0510,5
ID-0511,4
ID-0512,NA
ID-0513,42
ID-0514,24
ID-0515,NA
ID-0516,42
ID-0517,8
ID-0518,NA
ID-0519,5
ID-0520,2
ID-0521,17
ID-0522,22
ID-0523,7
ID-0524,16
ID-0526,14
ID-0527,7
ID-0528,3
ID-0529,0
ID-0530,6
ID-0531,5
ID-0532,NA
ID-0533,5
ID-0534,7
ID-0535,7
ID-0536,2
ID-0525,16
ID-0537,6
ID-0538,7
ID-0539,6
ID-0540,0
ID-0541,5
ID-0542,0
ID-0544,6
ID-0545,0
ID-0546,NA
ID-0543,12
ID-0547,NA
ID-0548,14
ID-0549,42
ID-0550,3
ID-0551,0
ID-0552,13
ID-0553,2
ID-0554,NA
ID-0555,0
ID-0556,3
ID-0557,2
ID-0558,0
ID-0559,5
ID-0560,3
ID-0561,4
ID-0562,NA
ID-0563,NA
ID-0564,5
ID-0565,3
ID-0566,5
ID-0567,NA
ID-0568,NA
ID-0569,6
ID-0570,23
ID-0571,4
ID-0572,0
ID-0573,7
ID-0574,11
ID-0575,3
ID-0576,11
ID-0577,6
ID-0578,NA
ID-0579,7
ID-0580,7
ID-0581,2
ID-0582,7
ID-0583,3
ID-0584,4
ID-0585,6
ID-0586,0
ID-0587,15
ID-0588,7
ID-0589,1
ID-0590,3
ID-0591,NA
ID-0592,5
ID-0593,NA
ID-0594,4
ID-0595,27
ID-0596,12
ID-0597,NA
ID-0598,6
ID-0599,5
ID-0600,2
ID-0601,5
ID-0602,8
ID-0603,7
ID-0604,7
ID-0605,42
ID-0606,4
ID-0607,3
ID-0608,80
ID-0609,6
ID-0610,5
ID-0611,3
ID-0612,3
ID-0613,NA
ID-0614,3
ID-0615,5
ID-0616,3
ID-0617,14
ID-0618,4
ID-0619,7
ID-0620,7
ID-0621,7
ID-0622,NA
ID-0623,4
ID-0624,4
ID-0625,12
ID-0626,3
ID-0627,5
ID-0628,6
ID-0629,32
ID-0630,4
ID-0631,5
ID-0632,3
ID-0633,9
ID-0634,5
ID-0635,42
ID-0636,9
ID-0637,7
ID-0638,8
ID-0639,5
ID-0640,5
ID-0641,2
ID-0642,0
ID-0643,NA
ID-0644,4
ID-0645,0
ID-0646,9
ID-0647,12
ID-0648,3
ID-0649,5
ID-0650,2
ID-0651,17
ID-0652,2
ID-0653,NA
ID-0654,7
ID-0655,NA
ID-0656,3
ID-0658,3
ID-0659,0
ID-0657,46
ID-0660,56
ID-0661,7
ID-0662,7
ID-0663,3
ID-0664,10
ID-0665,0
ID-0666,4
ID-0667,5
ID-0668,42
ID-0669,24
ID-0670,0
ID-0671,3
ID-0672,0
ID-0673,3
ID-0674,NA
ID-0675,0
ID-0676,5
ID-0677,0
ID-0678,7
ID-0679,4
ID-0680,69
ID-0681,3
ID-0682,12
ID-0683,7
ID-0684,16
ID-0685,NA
ID-0686,0
ID-0687,50
ID-0689,5
ID-0690,7
ID-0688,5
ID-0691,17
ID-0692,4
ID-0693,7
ID-0694,4
ID-0695,7
ID-0696,4
ID-0697,0
ID-0698,3
ID-0699,7
ID-0700,4
ID-0701,4
ID-0702,4
ID-0703,5
ID-0704,15
ID-0705,5
ID-0706,2
ID-0707,6
ID-0708,3
ID-0709,5
ID-0710,5
ID-0711,NA
ID-0712,23
ID-0713,3
ID-0714,7
ID-0715,0
ID-0716,3
ID-0717,7
ID-0718,20
ID-0719,5
ID-0720,4
ID-0721,0
ID-0722,6
ID-0723,12
ID-0725,0
ID-0726,4
ID-0727,2
ID-0724,5
ID-0728,3
ID-0729,17
ID-0730,2
ID-0731,2
ID-0732,4
ID-0733,16
ID-0734,14
ID-0735,18
ID-0736,4
ID-0737,5
ID-0738,16
ID-0739,23
ID-0740,11
ID-0741,0
ID-0742,7
ID-0743,6
ID-0744,0
ID-0745,42
ID-0746,34
ID-0747,5
ID-0748,3
ID-0749,13
ID-0750,5
ID-0751,5
ID-0752,4
ID-0753,5
ID-0754,6
ID-0755,5
ID-0756,3
ID-0757,5
ID-0758,5
ID-0759,3
ID-0760,5
ID-0761,5
ID-0762,4
ID-0763,0
ID-0764,1
ID-0765,2
ID-0766,67
ID-0767,7
ID-0768,7
ID-0769,42
ID-0770,5
ID-0771,3
ID-0772,3
ID-0773,8
ID-0774,NA
ID-0775,3
ID-0776,12
ID-0778,3
ID-0779,13
ID-0780,69
ID-0781,NA
ID-0777,0
ID-0782,12
ID-0783,6
ID-0784,452
ID-0785,2
ID-0786,3
ID-0787,14
ID-0788,3
ID-0789,0
ID-0790,4
ID-0791,4
ID-0792,6
ID-0793,23
ID-0794,5
ID-0795,3
ID-0796,23
ID-0797,6
ID-0798,34
ID-0799,5
ID-0800,42
ID-0801,13
ID-0802,71
ID-0803,NA
ID-0804,7
ID-0805,753
ID-0806,12
ID-0807,1
ID-0808,NA
ID-0809,5
ID-0810,0
ID-0811,3
ID-0812,42
ID-0813,23
ID-0814,23
ID-0815,0
ID-0816,6
ID-0817,7
ID-0818,0
ID-0819,0
ID-0820,3
ID-0821,7
ID-0822,4
ID-0823,42
ID-0824,16
ID-0825,6
ID-0826,10
ID-0827,5
ID-0828,12
ID-0829,4
ID-0830,7
ID-0831,12
ID-0832,4
ID-0833,10
ID-0834,5
ID-0835,7
ID-0836,5
ID-0837,234
ID-0838,3
ID-0839,2
ID-0840,9
ID-0841,2
ID-0842,0
ID-0843,0
ID-0844,3
ID-0845,0
ID-0846,5
ID-0847,57
ID-0848,7
ID-0849,6
ID-0850,3
ID-0851,4
ID-0852,5
ID-0853,17
ID-0854,3
ID-0855,NA
ID-0856,8
ID-0857,0
ID-0858,NA
ID-0859,14
ID-0860,NA
ID-0861,2
ID-0862,0
ID-0863,3
ID-0864,4
ID-0865,3
ID-0866,23
ID-0867,204333
ID-0868,3
ID-0869,3
ID-0870,5
ID-0871,42
ID-0872,2
ID-0873,12
ID-0874,3
ID-0875,0
ID-0876,NA
ID-0877,NA
ID-0878,NA
ID-0879,2
ID-0880,2
ID-0881,20
ID-0882,4
ID-0883,4
ID-0884,2
ID-0885,2
ID-0886,5
ID-0887,0
ID-0888,6
ID-0889,6
ID-0890,0
ID-0891,5
ID-0892,3
ID-0893,7
ID-0894,NA
ID-0895,5
ID-0896,8
ID-0897,4
ID-0898,5
ID-0899,37
ID-0900,4
ID-0901,3
ID-0902,NA
ID-0903,5
ID-0904,NA
ID-0905,42
ID-0906,2
ID-0907,11
ID-0908,0
ID-0909,NA
ID-0910,11
ID-0911,3
ID-0912,11
ID-0001,12
ID-0002,5
ID-0003,3
ID-0004,7
ID-0005,42
ID-0006,7
ID-0007,10
ID-0008,4
ID-0009,3
ID-0010,15
ID-0011,NA
ID-0012,4
ID-0013,0
ID-0014,4
ID-0015,3
ID-0016,4
ID-0017,3
ID-0018,10
ID-0019,2
ID-0020,7
ID-0021,13
ID-0022,7
ID-0023,NA
ID-0024,NA
ID-0025,3
ID-0026,32
ID-0027,3
ID-0028,8
ID-0029,5
ID-0030,22
ID-0031,0
ID-0032,43
ID-0033,5
ID-0034,7
ID-0035,0
ID-0036,NA
ID-0037,18
ID-0038,7
ID-0039,4
ID-0040,0
ID-0041,0
ID-0042,NA
ID-0043,NA
ID-0044,34
ID-0045,7
ID-0046,5
ID-0047,NA
ID-0048,NA
ID-0049,22
ID-0050,NA
ID-0051,6
ID-0052,12
ID-0053,13
ID-0054,0
ID-0055,NA
ID-0056,0
ID-0057,6
ID-0058,NA
ID-0059,0
ID-0060,22
ID-0061,1
ID-0062,17
ID-0063,0
ID-0064,8
ID-0065,5
ID-0066,NA
ID-0067,4
ID-0068,3
ID-0069,6
ID-0070,NA
ID-0071,NA
ID-0072,4
ID-0073,NA
ID-0074,5
ID-0075,33
ID-0076,4
ID-0077,6
ID-0078,NA
ID-0079,6
ID-0080,8
ID-0081,8
ID-0082,0
ID-0083,16
ID-0084,10
ID-0085,1
ID-0086,42
ID-0087,NA
ID-0088,0
ID-0089,3
ID-0090,12
ID-0091,6
ID-0092,4
ID-0093,4
ID-0094,7
ID-0095,17
ID-0096,NA
ID-0097,1
ID-0098,3
ID-0099,17
ID-0100,3
ID-0101,17
ID-0102,4
ID-0103,12
ID-0104,4
ID-0105,7
ID-0106,3
ID-0107,NA
ID-0108,11
ID-0109,32
ID-0110,2
ID-0111,9
ID-0113,42
ID-0114,17
ID-0115,8
ID-0116,4
ID-0117,3
ID-0118,15
ID-0119,0
ID-0120,NA
ID-0121,NA
ID-0122,15
ID-0123,15
ID-0124,NA
ID-0125,NA
ID-0126,5
ID-0127,3
ID-0128,3
ID-0129,23
ID-0112,8
ID-0130,5
ID-0131,3
ID-0132,3
ID-0133,16
ID-0134,12
ID-0135,4
ID-0136,0
ID-0137,150
ID-0913,3
ID-0914,0
ID-0915,0
ID-0916,53
ID-0917,8
ID-0918,4
ID-0919,5
ID-0920,6
ID-0921,17
ID-0922,NA
ID-0923,0
ID-0924,457136
ID-0925,4
ID-0926,3
ID-0927,2
ID-0928,7
ID-0929,NA
ID-1056,3
ID-1057,0
ID-1058,5
ID-1059,3
ID-1060,0
ID-1061,7
ID-1062,13
ID-1063,NA
ID-1064,0
ID-1065,3
ID-1066,8
ID-1067,5
ID-1068,7
ID-1069,2
ID-1070,3
ID-1071,5
ID-1072,6
ID-1073,3
ID-1074,3
ID-1075,4
ID-1076,42
ID-1077,36
ID-1078,6
ID-1079,5
ID-1080,2
ID-1081,4
ID-1082,8
ID-1083,5
ID-1084,6
ID-1085,3
ID-1086,1
ID-1087,NA
ID-1088,4
ID-1089,2
ID-1090,7
ID-1091,5
ID-1092,4
ID-1093,23
ID-1094,7
ID-1095,7
ID-1096,6
ID-1097,3
ID-1098,12
ID-1099,3
ID-1100,3
ID-1101,14
ID-1102,6
ID-1103,7
ID-1104,4
ID-1105,5
ID-1106,78
ID-1107,3
ID-1108,14
ID-1109,3
ID-1110,6
ID-1111,5
ID-1112,6
ID-1113,NA
ID-1114,NA
ID-1115,4
ID-1116,17
ID-1117,7
ID-1118,5
ID-1119,42
ID-1120,7
ID-1121,1
ID-1122,3
ID-1123,0
ID-1124,93
ID-1125,NA
ID-1126,NA
ID-1127,NA
ID-1128,14
ID-1129,17
ID-1130,10
ID-1131,9
ID-1132,7
ID-1133,0
ID-1134,2
ID-1135,3
ID-1136,27
ID-1137,NA
ID-1138,3
ID-1139,3
ID-1140,42
ID-1141,3
ID-1142,3
ID-1143,62
ID-1144,4
ID-1145,3
ID-1146,18
ID-1147,0
ID-1148,7
ID-1149,NA
ID-1150,1
ID-1151,3
ID-1152,3
ID-1153,3
ID-1154,7
ID-1155,27
ID-1156,5
ID-1157,0
ID-1158,NA
ID-1159,NA
ID-1160,8
ID-1161,5236
ID-1162,3
ID-1163,NA
ID-1164,NA
ID-1165,NA
ID-1166,10
ID-1167,19
ID-1168,3
ID-1169,4
ID-1170,9
ID-1171,3
ID-1172,8
ID-1173,14
ID-1174,3
ID-1175,7
ID-1176,0
ID-1177,1
ID-1178,7
ID-1179,5
ID-1180,5
ID-1181,13
ID-1182,32
ID-1183,37
ID-1184,6
ID-1185,4
ID-1186,0
ID-1187,7
ID-1188,8
ID-1189,NA
ID-1190,18
ID-1191,14
ID-1192,17
ID-1193,5
ID-1194,3
ID-1195,2
ID-1196,5
ID-1197,47
ID-1198,0
ID-1199,13
ID-1200,8
ID-1201,NA
ID-1202,3
ID-1203,4
ID-1204,6
ID-1205,2
ID-1206,NA
ID-1207,4
ID-1208,4
ID-1209,7
ID-1210,5
ID-1211,6
ID-1212,NA
ID-1213,17
ID-1214,0
ID-1215,7
ID-1216,3
ID-1217,6
ID-1218,4
ID-1219,0
ID-1220,12
ID-1221,3
ID-1222,NA
ID-1223,NA
ID-1224,23
ID-1225,NA
ID-1226,3
ID-1227,4
ID-1228,3
ID-1229,0
ID-1230,5
ID-1231,5
ID-1232,18
ID-1233,NA
ID-1234,6
ID-1235,3
ID-1236,NA
ID-1237,5
ID-1238,7
ID-1239,6
ID-1240,8
ID-1241,16
ID-1242,NA
ID-1243,0
ID-1244,5
ID-1245,7
ID-1246,467
ID-1247,0
ID-1248,14
ID-1249,0
ID-1250,5
ID-1251,3
ID-1252,0
ID-1253,7
ID-1254,12
ID-1255,3
ID-1256,4
ID-1257,NA
ID-1258,1
ID-1259,0
ID-1260,5
ID-1261,6
ID-1262,5
ID-1263,0
ID-1264,3
ID-1265,18
ID-1266,23
ID-1267,4
ID-1268,13
ID-1269,3
ID-1270,3
ID-1271,NA
ID-1272,7
ID-1273,3
ID-1274,3
ID-1275,7
ID-1276,2
ID-1277,NA
ID-1278,4
ID-1279,4
ID-1280,5
ID-1281,2
ID-1282,8
ID-1283,2
ID-1284,13
ID-1285,4
ID-1286,2
ID-1287,0
ID-0930,4
ID-0931,27
ID-1288,8
ID-1289,3
ID-1290,5
ID-1291,4
ID-1292,5
ID-1293,5
ID-1294,7
ID-1295,7
ID-1296,4
ID-1297,2
ID-1298,6
ID-1299,7
ID-1300,3
ID-1301,17
ID-1302,5
ID-1303,0
ID-1304,42
ID-1305,0
ID-1306,3
ID-1307,6
ID-1308,5
ID-1309,NA
ID-1310,3
ID-1311,42
ID-1312,0
ID-1313,7
ID-1314,7
ID-1315,11
ID-1316,5
ID-1317,3
ID-1318,11
ID-1319,3
ID-1320,25
ID-1321,2
ID-1322,5
ID-1323,3
ID-1324,42
ID-1325,6
ID-1326,54
ID-1327,12
ID-1328,NA
ID-1329,11
ID-1330,11
ID-1331,42
ID-1332,NA
ID-1333,3
ID-1334,NA
ID-1335,32
ID-1336,21
ID-1337,3
ID-1338,NA
ID-1339,3
ID-1340,NA
ID-1341,3
ID-1342,NA
ID-1343,4
ID-1344,1
ID-1345,17
ID-1346,5
ID-1347,7
ID-1348,0
ID-1349,4
ID-0932,NA
ID-0933,6
ID-0934,42
ID-0935,6
ID-0936,NA
ID-0937,7
ID-0938,0
ID-0939,8
ID-0940,3
ID-0941,3
ID-0942,3
ID-0943,3
ID-0944,10
ID-0945,14
ID-0946,14
ID-0947,213
ID-0948,6
ID-0949,5
ID-0950,NA
ID-0951,3
ID-0952,12
ID-0953,NA
ID-0954,3
ID-0955,4
ID-0956,1
ID-0957,6
ID-0958,6
ID-0959,5
ID-0960,0
ID-0961,4
ID-0962,5
ID-0963,5
ID-0964,NA
ID-0965,4
ID-0966,3
ID-0967,NA
ID-0969,17
ID-0968,3
ID-0970,0
ID-0973,NA
ID-0972,NA
ID-0971,NA
ID-0975,42
ID-0976,NA
ID-0977,17
ID-0974,12
ID-0978,NA
ID-0979,5
ID-0980,NA
ID-0981,NA
ID-0982,2
ID-0983,4
ID-0984,12
ID-0986,13
ID-0987,42
ID-0988,0
ID-0985,27
ID-0989,3
ID-0990,9
ID-0991,7
ID-0992,2
ID-0993,42
ID-0994,NA
ID-0995,14
ID-0996,4
ID-0997,NA
ID-0998,NA
ID-0999,5
ID-1000,4
ID-1001,42
ID-1002,0
ID-1003,92
ID-1004,2
ID-1005,4
ID-1007,42
ID-1008,42
ID-1009,NA
ID-1006,3
ID-1010,4
ID-1011,2
ID-1012,1254
ID-1013,5
ID-1014,5
ID-1015,4
ID-1016,20
ID-1017,5
ID-1018,32
ID-1019,42
ID-1020,4
ID-1021,3
ID-1022,12
ID-1023,4
ID-1024,6
ID-1025,17
ID-1026,3
ID-1027,2178
ID-1028,0
ID-1029,0
ID-1030,3
ID-1031,NA
ID-1032,0
ID-1033,NA
ID-1034,4
ID-1035,NA
ID-1036,4
ID-1037,4
ID-1038,5
ID-1039,11
ID-1040,7
ID-1041,49
ID-1042,42
ID-1043,42
ID-1044,NA
ID-1045,7
ID-1046,4
ID-1047,NA
ID-1048,6
ID-1049,42
ID-1050,5
ID-1051,2
ID-1052,NA
ID-1053,7
ID-1054,2
ID-1055,5
ID-1350,6
ID-1351,0
ID-1352,29
ID-1353,42
ID-1354,6
ID-1355,3
ID-1356,3
ID-1357,12
ID-1358,NA
ID-1359,11
ID-1436,0
ID-1437,6
ID-1438,16
ID-1439,NA
ID-1440,NA
ID-1441,NA
ID-1442,8
ID-1443,0
ID-1444,20
ID-1445,8
ID-1446,3
ID-1447,7
ID-1448,16
ID-1449,0
ID-1450,8
ID-1451,12
ID-1452,5
ID-1453,19
ID-1454,17
ID-1455,5
ID-1456,23
ID-1458,NA
ID-1457,0
ID-1459,0
ID-1460,3
ID-1461,NA
ID-1462,3
ID-1463,6
ID-1464,3
ID-1465,3
ID-1466,5
ID-1467,4
ID-1468,0
ID-1470,5
ID-1469,5
ID-1471,NA
ID-1472,4
ID-1473,2
ID-1474,19
ID-1475,3
ID-1476,NA
ID-1477,6
ID-1478,36
ID-1479,52
ID-1480,3
ID-1481,4
ID-1482,2
ID-1483,6
ID-1484,4
ID-1485,5
ID-1486,3
ID-1487,NA
ID-1488,12
ID-1489,0
ID-1490,0
ID-1491,42
ID-1492,0
ID-1493,NA
ID-1494,14
ID-1495,0
ID-1496,3
ID-1497,3
ID-1498,7
ID-1499,8
ID-1500,5
ID-1501,12
ID-1502,NA
ID-1503,4
ID-1504,8
ID-1505,4
ID-1506,42
ID-1507,3
ID-1508,5
ID-1509,14
ID-1510,5
ID-1511,NA
ID-1512,6
ID-1513,6
ID-1514,4
ID-1515,0
ID-1516,NA
ID-1517,1
ID-1518,4
ID-1519,7
ID-1520,5
ID-1521,57
ID-1522,7
ID-1523,3
ID-1524,4
ID-1525,10
ID-1526,3
ID-1527,6
ID-1528,7
ID-1529,4
ID-1530,3
ID-1531,4
ID-1532,3
ID-1533,17
ID-1534,17
ID-1535,5
ID-1536,NA
ID-1537,7
ID-1538,12
ID-1539,17
ID-1540,12
ID-1541,20
ID-1542,23
ID-1543,9
ID-1544,12
ID-1545,0
ID-1546,14
ID-1547,3
ID-1548,4
ID-1549,0
ID-1550,NA
ID-1551,41
ID-1552,7
ID-1553,8
ID-1554,4
ID-1555,7
ID-1556,NA
ID-1557,1
ID-1558,8
ID-1559,0
ID-1560,NA
ID-1561,NA
ID-1562,NA
ID-1563,4
ID-1564,30
ID-1565,NA
ID-1566,NA
ID-1567,0
ID-1568,0
ID-1569,0
ID-1570,3
ID-1571,12
ID-1572,30
ID-1573,7
ID-1574,4
ID-1575,5
ID-1576,8
ID-1577,7
ID-1578,NA
ID-1579,3
ID-1580,4
ID-1581,32
ID-1582,3
ID-1583,88
ID-1584,7
ID-1585,0
ID-1586,3
ID-1587,4
ID-1588,4
ID-1589,15
ID-1590,4
ID-1591,7
ID-1592,7
ID-1593,NA
ID-1594,NA
ID-1595,27
ID-1596,4
ID-1597,17
ID-1598,8
ID-1599,19
ID-1600,927
ID-1601,12
ID-1360,6
ID-1361,4
ID-1602,4
ID-1603,5
ID-1604,5
ID-1605,0
ID-1606,3
ID-1607,5
ID-1608,15
ID-1609,3
ID-1610,4
ID-1611,NA
ID-1612,6
ID-1613,3
ID-1614,5
ID-1615,3
ID-1616,4768
ID-1617,5
ID-1618,7
ID-1619,3
ID-1620,6
ID-1621,0
ID-1622,0
ID-1623,34
ID-1624,7
ID-1625,2
ID-1626,12
ID-1627,3
ID-1628,4
ID-1629,6
ID-1630,14
ID-1631,137
ID-1632,7
ID-1362,8
ID-1363,3
ID-1364,0
ID-1365,7
ID-1366,3
ID-1367,2
ID-1368,3
ID-1369,5
ID-1370,4
ID-1371,4
ID-1372,5
ID-1373,14
ID-1374,7
ID-1375,12
ID-1376,7
ID-1377,6
ID-1378,4
ID-1379,88
ID-1380,7
ID-1381,0
ID-1382,NA
ID-1383,NA
ID-1384,9
ID-1385,1
ID-1386,3
ID-1387,4
ID-1388,6
ID-1389,0
ID-1390,7
ID-1391,0
ID-1392,14
ID-1393,4
ID-1394,7
ID-1395,36
ID-1396,5
ID-1397,6
ID-1398,3
ID-1399,13
ID-1400,13
ID-1401,17
ID-1402,32
ID-1403,1
ID-1404,NA
ID-1405,54
ID-1406,4
ID-1407,3
ID-1408,5
ID-1409,6
ID-1410,4
ID-1411,NA
ID-1412,5
ID-1413,5
ID-1414,5
ID-1415,3
ID-1416,3
ID-1417,6
ID-1418,5
ID-1419,NA
ID-1420,6
ID-1421,7
ID-1422,578
ID-1423,NA
ID-1424,5
ID-1425,7
ID-1426,2
ID-1427,7
ID-1428,0
ID-1429,11
ID-1430,4
ID-1431,8
ID-1432,56
ID-1433,5
ID-1434,2
ID-1435,6
ID-1633,0
ID-1634,NA
ID-1635,1
ID-1636,8
ID-1637,6
ID-1715,NA
ID-1716,17
ID-1717,5
ID-1718,4
ID-1719,13
ID-1720,8
ID-1721,7
ID-1722,NA
ID-1723,3
ID-1724,2
ID-1725,27
ID-1726,NA
ID-1727,3
ID-1728,4
ID-1729,3
ID-1730,0
ID-1731,5
ID-1732,8
ID-1733,NA
ID-1734,14
ID-1735,8
ID-1736,7
ID-1737,0
ID-1738,NA
ID-1739,12
ID-1740,7
ID-1741,5
ID-1742,7
ID-1743,NA
ID-1744,4
ID-1745,5
ID-1746,NA
ID-1747,5
ID-1748,5
ID-1749,2
ID-1750,0
ID-1751,12
ID-1752,2
ID-1753,3
ID-1754,11
ID-1755,0
ID-1756,37
ID-1757,3
ID-1758,5
ID-1759,8
ID-1760,7
ID-1761,5
ID-1762,3
ID-1763,5
ID-1764,3
ID-1765,453
ID-1766,0
ID-1767,7
ID-1768,4
ID-1769,6
ID-1770,6
ID-1771,11
ID-1772,3
ID-1773,5
ID-1638,72
ID-1774,7
ID-1775,6
ID-1776,4
ID-1777,26
ID-1778,3
ID-1779,13
ID-1780,0
ID-1781,12
ID-1782,6
ID-1783,2
ID-1784,4
ID-1785,0
ID-1786,8
ID-1787,2
ID-1788,3
ID-1789,666
ID-1790,7
ID-1791,5
ID-1792,5
ID-1793,4
ID-1639,3
ID-1640,NA
ID-1641,NA
ID-1642,27
ID-1643,5
ID-1644,NA
ID-1645,8
ID-1646,21
ID-1647,0
ID-1648,2
ID-1649,NA
ID-1650,413
ID-1651,0
ID-1652,0
ID-1653,5
ID-1654,6
ID-1655,4
ID-1656,4
ID-1657,5
ID-1658,0
ID-1659,7
ID-1660,13
ID-1661,NA
ID-1663,7
ID-1664,7
ID-1665,5
ID-1666,0
ID-1667,8
ID-1662,8
ID-1668,8
ID-1669,8
ID-1670,4
ID-1671,3
ID-1672,3
ID-1673,2
ID-1674,134
ID-1675,13
ID-1676,NA
ID-1677,6
ID-1678,5
ID-1679,22
ID-1680,NA
ID-1681,7
ID-1682,4
ID-1683,1
ID-1684,5
ID-1685,3
ID-1686,NA
ID-1687,8
ID-1688,44
ID-1689,3
ID-1690,4
ID-1691,5
ID-1692,8
ID-1693,8
ID-1694,8
ID-1695,33
ID-1696,7
ID-1697,NA
ID-1698,2
ID-1699,7
ID-1700,7
ID-1701,9
ID-1702,3
ID-1703,NA
ID-1704,7
ID-1705,4
ID-1706,7
ID-1707,12
ID-1708,7
ID-1709,5
ID-1710,2
ID-1711,7
ID-1712,27
ID-1713,5
ID-1714,6
ID-1794,14
ID-1795,3
ID-1808,5
ID-1809,NA
ID-1810,7
ID-1811,5
ID-1812,7
ID-1813,7
ID-1814,NA
ID-1815,NA
ID-1816,7
ID-1817,6
ID-1818,12
ID-1819,12
ID-1820,3
ID-1821,4
ID-1822,NA
ID-1823,15
ID-1824,5
ID-1825,7
ID-1826,69
ID-1827,15
ID-1828,7
ID-1829,9
ID-1830,2
ID-1831,16
ID-1832,5
ID-1833,NA
ID-1834,23
ID-1835,NA
ID-1836,5
ID-1837,0
ID-1838,42
ID-1839,20
ID-1840,0
ID-1841,3
ID-1842,3
ID-1843,3
ID-1844,4
ID-1845,NA
ID-1846,69
ID-1847,6
ID-1848,1
ID-1849,24
ID-1850,5
ID-1851,7
ID-1852,NA
ID-1853,0
ID-1854,5
ID-1855,6
ID-1856,42
ID-1857,NA
ID-1858,6
ID-1796,5
ID-1859,3
ID-1860,NA
ID-1861,37
ID-1862,42
ID-1863,4
ID-1864,42
ID-1865,5
ID-1866,4
ID-1867,5
ID-1868,37
ID-1869,5
ID-1870,12
ID-1871,12
ID-1872,4
ID-1873,NA
ID-1874,3
ID-1875,4
ID-1876,NA
ID-1877,37
ID-1878,30
ID-1879,12
ID-1880,5
ID-1881,5
ID-1797,0
ID-1798,5
ID-1799,0
ID-1800,7
ID-1801,4
ID-1802,5
ID-1803,4
ID-1804,40
ID-1805,2
ID-1806,5
ID-1807,89
ID-1886,NA
ID-1887,0
ID-1888,3
ID-1889,7
ID-1890,6
ID-1891,3
ID-1892,6
ID-1893,7
ID-1894,5
ID-1895,12
ID-1896,6
ID-1897,7
ID-1898,9
ID-1899,4
ID-1900,3
ID-1901,34
ID-1902,7
ID-1903,11
ID-1904,8
ID-1905,12
ID-1906,NA
ID-1907,7
ID-1908,5
ID-1909,6
ID-1910,8
ID-1911,5
ID-1912,3
ID-1913,10
ID-1914,138
ID-1915,5
ID-1916,8
ID-1917,3
ID-1918,0
ID-1919,4
ID-1920,32
ID-1921,4
ID-1922,6
ID-1923,3
ID-1924,5
ID-1925,6
ID-1926,5
ID-1927,4
ID-1928,42
ID-1929,13
ID-1930,23
ID-1931,3
ID-1932,9
ID-1933,5
ID-1934,11
ID-1935,5
ID-1936,4
ID-1937,NA
ID-1938,25
ID-1939,57
ID-1940,3
ID-1941,NA
ID-1942,12
ID-1943,4
ID-1944,14
ID-1945,5
ID-1946,4
ID-1947,3
ID-1948,1
ID-1949,5
ID-1950,7
ID-1951,18
ID-1952,4
ID-1953,0
ID-1954,NA
ID-1955,42
ID-1956,NA
ID-1957,NA
ID-1958,3
ID-1959,1
ID-1960,16
ID-1961,5
ID-1962,5
ID-1963,6
ID-1964,0
ID-1965,1247
ID-1966,42
ID-1967,16
ID-1968,6
ID-1969,5
ID-1970,7
ID-1971,3
ID-1972,2
ID-1973,2
ID-1974,4
ID-1975,42
ID-1976,0
ID-1977,42
ID-1978,3
ID-1979,7
ID-1980,0
ID-1981,12
ID-1982,6
ID-1983,NA
ID-1984,0
ID-1985,7
ID-1986,2
ID-1987,7
ID-1988,2
ID-1989,7
ID-1990,17
ID-1991,11
ID-1992,14
ID-1993,12
ID-1994,0
ID-1995,8
ID-1996,9
ID-1997,5
ID-1998,2
ID-1999,4
ID-2000,11
ID-2001,52
ID-2002,4
ID-2003,6
ID-2004,5
ID-2005,12
ID-2006,4
ID-2007,3
ID-2008,0
ID-2009,37
ID-2010,12
ID-2011,42
ID-2012,6
ID-2013,8
ID-2014,7
ID-2015,4
ID-2016,56
ID-2017,5
ID-2018,0
ID-2019,12
ID-2020,5
ID-2021,4
ID-2022,12
ID-2023,4
ID-2024,NA
ID-2025,4
ID-2026,3
ID-2027,34
ID-2028,18
ID-2029,3
ID-2030,NA
ID-2031,5
ID-2032,55
ID-2033,5
ID-2034,4
ID-2035,26
ID-2036,NA
ID-2037,3
ID-2038,7
ID-2039,8
ID-2040,6
ID-2041,12
ID-2042,8
ID-2043,7
ID-2044,5
ID-2045,0
ID-2046,7
ID-2047,0
ID-2048,4
ID-2049,11
ID-2050,0
ID-2051,42
ID-2052,7
ID-2053,8
ID-2054,NA
ID-2055,4
ID-2056,32
ID-2057,44
ID-2058,4
ID-2059,6
ID-2060,2
ID-2061,3
ID-2062,42
ID-2063,0
ID-2064,7
ID-2065,3
ID-2066,11
ID-2067,NA
ID-2068,0
ID-2069,20
ID-2070,8
ID-2071,77
ID-2072,7
ID-2073,5
ID-2074,7
ID-2075,8
ID-2076,5
ID-2077,7
ID-2078,3
ID-2079,13
ID-2080,4
ID-2081,0
ID-2082,7
ID-2083,23
ID-2084,3
ID-2085,0
ID-2086,NA
ID-2087,10
ID-2088,3
ID-2089,6
ID-2090,6
ID-2091,3
ID-2092,5
ID-2093,0
ID-2094,3
ID-2095,29
ID-2096,7
ID-2097,11
ID-2098,4
ID-2099,3
ID-2100,5
ID-2101,9
ID-2102,0
ID-2103,2
ID-2104,NA
ID-2105,3
ID-2106,4
ID-2107,18
ID-2108,7
ID-2109,8
ID-2110,NA
ID-2111,5
ID-2112,11
ID-2113,NA
ID-2114,12
ID-2115,6
ID-2116,3
ID-2117,3
ID-2118,3
ID-2119,4
ID-2120,8
ID-2121,4
ID-2122,7
ID-2123,2
ID-2124,11
ID-2125,3
ID-2126,2
ID-2127,5
ID-2128,53
ID-2129,4
ID-2130,3
ID-2131,6
ID-2132,NA
ID-2133,45
ID-2134,4
ID-2135,2
ID-2136,37
ID-2137,2
ID-2138,7
ID-2139,0
ID-2140,8
ID-2141,5
ID-2142,4
ID-2143,NA
ID-2144,18
ID-2145,3
ID-2146,16
ID-2147,3
ID-2148,9
ID-2149,4
ID-2150,3
ID-2151,3
ID-2152,5
ID-2153,2
ID-2154,5
ID-2155,6
ID-2156,5
ID-2157,2
ID-2158,4
ID-2159,5
ID-2160,0
ID-2161,3
ID-2162,NA
ID-2163,6
ID-2164,5
ID-2165,42
ID-2166,7
ID-2167,7
ID-2168,3
ID-2169,17
ID-2170,6
ID-2171,1
ID-2172,4
ID-2173,42
ID-2174,2
ID-2175,3
ID-2176,12
ID-2177,1
ID-2178,5
ID-2179,1
ID-2180,4
ID-2181,27
ID-2182,5
ID-2183,4
ID-2184,17
ID-2185,0
ID-2186,3
ID-2187,7
ID-2188,4
ID-2189,NA
ID-2190,4
ID-2191,5
ID-2192,8
ID-2193,666
ID-2194,13
ID-2195,6
ID-2196,5
ID-2197,8
ID-2198,3
ID-2199,5
ID-2200,5
ID-2201,0
ID-2202,5
ID-2203,666
ID-2204,20
ID-2205,73
ID-2206,NA
ID-2207,6
ID-2208,14
ID-2209,5
ID-2210,NA
ID-2211,3
ID-2212,13
ID-2213,0
ID-2214,35
ID-2215,5
ID-2216,0
ID-2217,15
ID-2218,42
ID-2219,42
ID-2220,0
ID-2221,4
ID-2222,4
ID-2223,4
ID-2224,5
ID-2225,9
ID-2226,4
ID-2227,3
ID-2228,2
ID-2229,7
ID-2230,8
ID-2231,3
ID-2232,7
ID-2233,42
ID-2234,7
ID-2235,0
ID-2236,37
ID-2237,17
ID-2238,4
ID-2239,5
ID-2240,8
ID-2241,15
ID-2242,NA
ID-2243,3
ID-2244,7
ID-2245,10
ID-2246,0
ID-2247,NA
ID-2248,8
ID-2249,5
ID-2250,5
ID-2251,5
ID-2252,3
ID-2254,6
ID-2255,3
ID-2256,48713
ID-2253,5
ID-2257,17343234
ID-2258,69
ID-2259,7
ID-2260,6
ID-2261,7
ID-2262,6
ID-2263,5
ID-2264,3
ID-2265,5
ID-2266,19
ID-2267,6
ID-2268,3
ID-2269,0
ID-2270,4
ID-2271,5
ID-2272,13
ID-2273,6
ID-2274,36
ID-2275,NA
ID-2276,14
ID-2277,5
ID-2278,3
ID-2279,NA
ID-2280,0
ID-2281,4
ID-2282,8
ID-2283,NA
ID-2284,3
ID-2285,NA
ID-2286,NA
ID-2287,4
ID-2288,5
ID-2289,2
ID-2290,12
ID-2291,6
ID-2292,6
ID-2293,5
ID-2294,12
ID-2295,3
ID-2296,69
ID-2297,6
ID-2298,4
ID-2299,6
ID-2300,7
ID-2301,0
ID-2302,2
ID-2303,7
ID-2304,2
ID-2305,72
ID-2306,0
ID-2307,5
ID-2308,5
ID-2309,17
ID-2310,4
ID-2311,69
ID-2312,3
ID-2313,42
ID-2314,11
ID-2315,3
ID-2316,0
ID-2317,2
ID-2318,24
ID-2319,3
ID-2321,0
ID-2322,NA
ID-2323,12
ID-2320,4
ID-2324,6
ID-2325,6
ID-2326,5
ID-2327,7
ID-2328,2
ID-2329,NA
ID-2330,NA
ID-2331,7
ID-2332,5
ID-2333,3
ID-2334,4
ID-2335,12
ID-2336,7
ID-2337,7
ID-2338,3
ID-2339,15
ID-2340,8
ID-2341,0
ID-2342,13
ID-2343,NA
ID-2344,3
ID-2345,69
ID-2346,7
ID-2347,0
ID-2348,2
ID-2349,NA
ID-2350,3
ID-2351,4
ID-2352,NA
ID-2353,28
ID-2354,7
ID-2355,4
ID-2356,3
ID-2357,3
ID-2358,3
ID-2359,0
ID-2361,7
ID-2362,4
ID-2363,8
ID-2364,8
ID-2365,NA
ID-2366,0
ID-2367,4
ID-2360,11
ID-2368,7
ID-2369,0
ID-2370,0
ID-2371,4
ID-2372,6
ID-2373,NA
ID-2374,3
ID-2375,7
ID-2376,5
ID-2377,0
ID-2378,5
ID-2379,4
ID-2380,4
ID-2381,23
ID-2382,4
ID-2383,1
ID-2384,12
ID-2385,2
ID-2386,6
ID-2387,27
ID-2388,4
ID-2389,0
ID-2390,13
ID-2391,NA
ID-2392,417
ID-2393,4
ID-2394,0
ID-2395,3
ID-2396,2
ID-2397,1
ID-2398,3
ID-2399,3
ID-2400,3
ID-2401,12
ID-2402,6
ID-2403,4
ID-2404,5
ID-2405,5
ID-2406,47
ID-2407,10
ID-2408,10
ID-2409,5
ID-2410,NA
ID-2411,3
ID-2412,NA
ID-2413,5
ID-2414,NA
ID-2415,5
ID-2416,7
ID-2417,2
ID-2418,2
ID-2419,0
ID-2420,NA
ID-2421,23
ID-2422,NA
ID-2423,5
ID-2424,0
ID-2425,3
ID-2426,21
ID-2427,1
ID-2428,5
ID-2429,42
ID-2430,30
ID-2431,13
ID-2432,3
ID-2433,11
ID-2434,9
ID-2435,13
ID-2436,3
ID-2437,0
ID-2438,3
ID-2439,3
ID-2440,NA
ID-2441,4
ID-2442,3
ID-2443,8
ID-2446,7
ID-2444,4
ID-2445,10
ID-2447,3
ID-2448,0
ID-2449,4
ID-2450,2
ID-2451,2
ID-2452,42
ID-2453,NA
ID-2454,8
ID-2455,69
ID-2456,3
ID-2457,5
ID-2458,NA
ID-2459,8
ID-2460,0
ID-2461,4
ID-2464,NA
ID-2463,5
ID-2465,8
ID-2466,156248
ID-2467,7
ID-2468,NA
ID-2469,NA
ID-2470,7
ID-2471,6
ID-2472,7
ID-2473,4
ID-2474,12
ID-2475,7
ID-2476,4
ID-2477,6
ID-2478,4
ID-2479,4
ID-2480,53
ID-2481,8
ID-2482,8
ID-2483,0
ID-2462,8
ID-2484,4
ID-2485,69
ID-2486,7
ID-2487,4
ID-2488,7
ID-2489,7
ID-2490,15
ID-2491,0
ID-2492,10
ID-2493,5
ID-2494,0
ID-2495,5
ID-2496,3
ID-2497,15
ID-2498,13
ID-2500,5
ID-2501,5
ID-2502,8
ID-2503,8
ID-2505,3
ID-2504,5
ID-2506,9
ID-2507,5
ID-2508,4
ID-2509,5
ID-2510,3
ID-2499,10
ID-2511,5
ID-2512,4
ID-2513,3
ID-2514,3
ID-2515,3
ID-2516,3
ID-2517,23
ID-2518,2
ID-2519,2
ID-2520,0
ID-2521,8
ID-2522,NA
ID-2523,2
ID-2524,14
ID-2525,8
ID-2526,6
ID-2527,4
ID-2528,5000
ID-2529,3
ID-2530,NA
ID-2531,NA
ID-2532,5
ID-2533,73
ID-2534,4
ID-2535,4
ID-2536,14
ID-2537,8
ID-2538,NA
ID-2539,3
ID-2540,8
ID-2541,7
ID-2542,NA
ID-2543,17
ID-2544,NA
ID-2545,42
ID-2546,3
ID-2547,0
ID-2548,0
ID-2549,15
ID-2550,0
ID-2551,0
ID-2552,4
ID-2553,0
ID-2554,5
ID-2555,23
ID-2556,7
ID-2557,NA
ID-2558,5
ID-2559,4
ID-2560,8
ID-2561,8
ID-2562,22
ID-2563,5
ID-2564,4
ID-2565,1
ID-2566,3
ID-2567,2
ID-2568,21
ID-2569,7
ID-2570,6
ID-2571,6
ID-2572,NA
ID-2573,5
ID-2574,13
ID-2575,2
ID-2576,3
ID-2577,4
ID-2578,17
ID-2579,3
ID-2580,7
ID-2581,9
ID-2582,NA
ID-2583,7
ID-2584,4
ID-2585,4
ID-2586,3
ID-2587,18
ID-2588,4
ID-2589,3
ID-2590,6
ID-2591,28
ID-2592,5
ID-2593,7
ID-2594,3
ID-2595,11
ID-2596,3
ID-2597,0
ID-2598,2
ID-2599,3
ID-2600,4
ID-2601,5
ID-2602,3
ID-2603,13
ID-2604,2
ID-2605,6
ID-2606,5
ID-2607,42
ID-2609,17
ID-2608,5
ID-2610,42
ID-2611,3
ID-2612,0
ID-2613,NA
ID-2614,4
ID-2615,66
ID-2616,5
ID-2617,5
ID-2618,0
ID-2619,7
ID-2620,8
ID-2621,6
ID-2622,3
ID-2623,17
ID-2624,11
ID-2625,5
ID-2626,4
ID-2627,NA
ID-2628,4
ID-2629,5
ID-2630,5
ID-2631,NA
ID-2632,12
ID-2633,23
ID-2634,12
ID-2635,25
ID-2636,6
ID-2637,6
ID-2638,5
ID-2639,17
ID-2640,0
ID-2641,2
ID-2642,12
ID-2643,5
ID-2644,6
ID-2645,5
ID-2646,NA
ID-2647,26
ID-2648,3
ID-2649,5
ID-2650,7
ID-2651,2
ID-2652,4
ID-2653,5
ID-2654,5
ID-2655,4
ID-2656,8
ID-2657,0
ID-2658,4
ID-2659,7
ID-2660,9
ID-2661,6
ID-2662,5
ID-2663,5
ID-2664,31
ID-2665,13
ID-2666,14
ID-2667,NA
ID-2668,1
ID-2669,10
ID-2670,56
ID-2671,4
ID-2672,0
ID-2673,12
ID-2674,17
ID-2675,4
ID-2676,NA
ID-2677,7
ID-2678,6
ID-2679,NA
ID-2680,2
ID-2681,4
ID-2682,0
ID-2683,NA
ID-2684,NA
ID-2685,2
ID-2686,5
ID-2688,7
ID-2689,NA
ID-2690,NA
ID-2691,NA
ID-2692,NA
ID-2693,17
ID-2694,5
ID-2695,450
ID-2696,3
ID-2697,NA
ID-2698,45
ID-2699,5
ID-2700,NA
ID-2701,6
ID-2702,NA
ID-2703,2
ID-2704,73
ID-2705,5
ID-2706,5
ID-2707,7
ID-2708,0
ID-2709,3
ID-2710,24
ID-2711,8
ID-2712,12
ID-2713,12
ID-2714,0
ID-2715,3
ID-2716,3
ID-2717,0
ID-2718,3
ID-2719,23
ID-2720,5
ID-2721,2
ID-2687,8
ID-2723,7
ID-2724,NA
ID-2725,NA
ID-2726,4
ID-2727,14
ID-2728,6
ID-2729,14
ID-2730,6
ID-2731,8
ID-2732,7
ID-2733,2
ID-2734,3
ID-2735,5
ID-2736,3
ID-2722,7
ID-2737,3
ID-2738,5
ID-2739,12
ID-2740,NA
ID-2741,5
ID-2742,NA
ID-2743,4
ID-2744,4
ID-2745,7
ID-2746,3
ID-2747,41
ID-2748,4
ID-2749,2
ID-2750,6
ID-2751,4
ID-2752,5
ID-2754,0
ID-2755,5
ID-2756,5
ID-2757,0
ID-2758,0
ID-2759,17
ID-2760,4
ID-2761,5
ID-2762,6
ID-2763,3
ID-2764,0
ID-2765,24
ID-2766,7
ID-2767,42
ID-2768,4
ID-2769,5
ID-2770,42
ID-2771,6
ID-2772,4
ID-2773,13
ID-2774,3
ID-2775,3
ID-2776,6
ID-2777,NA
ID-2778,9
ID-2779,0
ID-2780,5
ID-2781,6
ID-2782,0
ID-2783,25
ID-2784,15
ID-2785,NA
ID-2786,1
ID-2787,5
ID-2788,7
ID-2789,13
ID-2790,5
ID-2791,5
ID-2792,4
ID-2793,42
ID-2794,3
ID-2795,7
ID-2796,17
ID-2797,34
ID-2798,12
ID-2799,0
ID-2753,11
ID-2800,18
ID-2801,4
ID-2802,0
ID-2803,4
ID-2804,4
ID-2805,6
ID-2806,12
ID-2807,17
ID-2808,0
ID-2809,7
ID-2810,15
ID-2811,NA
ID-2812,5
ID-2813,4
ID-2814,12
ID-2815,0
ID-2816,3
ID-2817,5
ID-2818,13
ID-2819,7
ID-2820,3
ID-2821,6
ID-2822,57
ID-2823,8
ID-2824,5
ID-2825,3
ID-2826,3
ID-2827,14
ID-2828,7
ID-2829,68
ID-2830,NA
ID-2831,7
ID-2832,13
ID-2833,8
ID-2834,NA
ID-2835,12
ID-2836,19
ID-2837,5
ID-2838,0
ID-2839,3
ID-2840,11
ID-2841,NA
ID-2842,NA
ID-2843,4
ID-2844,7
ID-2845,42
ID-2846,8
ID-2848,3
ID-2849,27
ID-2850,1
ID-2851,4
ID-2852,3
ID-2853,5
ID-2854,6
ID-2855,NA
ID-2856,7
ID-2857,NA
ID-2858,4
ID-2859,5
ID-2860,8
ID-2861,5
ID-2862,2
ID-2863,NA
ID-2864,56
ID-2865,37
ID-2866,17
ID-2847,4
ID-2867,5
ID-2868,7
ID-2869,42
ID-2870,8
ID-2871,NA
ID-2872,7
ID-2873,1
ID-2874,3
ID-2875,4
ID-2876,42
ID-2877,13
ID-2878,6
ID-2879,5
ID-2880,NA
ID-2881,12
ID-2882,8
ID-2883,0
ID-2884,NA
ID-2885,NA
ID-2886,45
ID-2887,53
ID-2888,6
ID-2889,5
ID-2890,6
ID-2891,11
ID-2892,12
ID-2893,4
ID-2894,0
ID-2895,0
ID-2896,2
ID-2897,14
ID-2898,7
ID-2899,42
ID-2900,0
ID-2901,6
ID-2902,4
ID-2903,4
ID-2904,5
ID-2905,NA
ID-2906,3
ID-2907,5
ID-2908,12
ID-2909,4
ID-2910,3
ID-2911,6
ID-2912,NA
ID-2913,6
ID-2914,13
ID-2915,6
ID-2916,5
ID-2917,7
ID-2918,83
ID-2919,7
ID-2920,16
ID-2921,12
ID-2922,7
ID-2923,0
ID-2924,2
ID-2925,7
ID-2926,4
ID-2927,4
ID-2928,4
ID-2929,3
ID-2930,0
ID-2931,4
ID-2932,0
ID-2933,5
ID-2934,5
ID-2935,12
ID-2936,NA
ID-2937,7
ID-2938,5
ID-2939,2
ID-2940,9
ID-2941,17
ID-2942,NA
ID-2943,1
ID-2944,8
ID-2945,7
ID-2946,8
ID-2947,3
ID-2948,0
ID-2949,4
ID-2950,4
ID-2951,0
ID-2952,3
ID-2953,3
ID-2954,2
ID-2955,24
ID-2956,13
ID-2957,12
ID-2958,3
ID-2959,5
ID-2960,5
ID-2961,9
ID-2962,2
ID-2963,37
ID-2964,42
ID-2965,0
ID-2966,17
ID-2967,1
ID-2968,7
ID-2969,42
ID-2970,2
ID-2971,8
ID-2972,4
ID-2973,2
ID-2974,14
ID-2975,3
ID-2976,3
ID-2977,5
ID-2978,4
ID-2979,5
ID-2980,7
ID-2981,6
ID-2982,4
ID-2983,999
ID-2984,3
ID-2985,4
ID-2986,56
ID-2987,3
ID-2988,5
ID-2989,0
ID-2990,72
ID-2991,27
ID-2992,6
ID-2993,784
ID-2994,7
ID-2995,0
ID-2996,69
ID-2997,5
ID-2998,5
ID-2999,4
ID-3000,NA
ID-3002,12
ID-3003,60
ID-3004,0
ID-3005,3
ID-3006,2
ID-3007,7
ID-3008,5
ID-3009,NA
ID-3010,3
ID-3011,4
ID-3012,3
ID-3013,0
ID-3014,2
ID-3015,45
ID-3016,12
ID-3017,5
ID-3018,0
ID-3019,32
ID-3020,14
ID-3001,14
ID-3021,7
ID-3022,17
ID-3023,1000000000
ID-3024,3
ID-3025,27
ID-3026,NA
ID-3027,6
ID-3028,NA
ID-3029,NA
ID-3030,5
ID-3031,5
ID-3032,3
ID-3033,8
ID-3034,0
ID-3035,0
ID-3036,7
ID-3037,0
ID-3038,5
ID-3039,NA
ID-3040,2
ID-3041,4
ID-3042,8
ID-3043,NA
ID-3044,0
ID-3045,5
ID-3046,NA
ID-3047,3
ID-3048,0
ID-3049,8
ID-3050,5
ID-3051,NA
ID-3052,25
ID-3053,4
ID-3054,4
ID-3055,12
ID-3056,44
ID-3057,4
ID-3058,4
ID-3059,NA
ID-3060,24
ID-3061,NA
ID-3062,8
ID-3063,5
ID-3064,2
ID-3065,4
ID-3066,8
ID-3067,3
ID-3068,11
ID-3069,5
ID-3070,5
ID-3071,73
ID-3072,4
ID-3073,7
ID-3074,0
ID-3075,6
ID-3076,NA
ID-3077,6
ID-3078,7
ID-3079,18
ID-3080,5
ID-3081,8
ID-3082,7
ID-3083,8
ID-3084,NA
ID-3085,32
ID-3086,6
ID-3087,0
ID-3088,NA
ID-3089,14
ID-3090,9
ID-3091,5
ID-3092,2
ID-3093,7
ID-3094,5
ID-3095,6
ID-3096,4
ID-3097,5
ID-3098,3
ID-3099,14
ID-3100,NA
ID-3101,NA
ID-3102,3
ID-3104,69
ID-3105,1
ID-3106,0
ID-3107,4
ID-3103,7
ID-3108,17
ID-3109,0
ID-3110,12
ID-3111,13
ID-3112,32
ID-3113,3
ID-3114,NA
ID-3115,NA
ID-3116,2
ID-3117,3
ID-3118,5
ID-3119,871
ID-3120,3
ID-3121,9
ID-3122,4
ID-3123,12
ID-3124,14
ID-3125,NA
ID-3126,0
ID-3127,0
ID-3128,0
ID-3129,9
ID-3130,15
ID-3131,4
ID-3132,6
ID-3133,3
ID-3134,NA
ID-3136,0
ID-3137,4
ID-3138,0
ID-3139,5
ID-3140,1
ID-3141,5
ID-3142,9
ID-3143,1
ID-3144,5
ID-3145,42
ID-3146,5
ID-3147,4
ID-3148,NA
ID-3149,3
ID-3150,4
ID-3151,5
ID-3152,8
ID-3153,NA
ID-3135,NA
ID-3154,27
ID-3156,8
ID-3157,12
ID-3158,7
ID-3159,5
ID-3160,NA
ID-3161,7
ID-3162,45
ID-3163,42
ID-3165,6
ID-3166,7
ID-3167,7
ID-3168,5
ID-3169,NA
ID-3170,1
ID-3171,0
ID-3172,4
ID-3173,NA
ID-3174,42
ID-3175,2
ID-3176,6
ID-3177,3
ID-3178,17
ID-3179,8
ID-3180,1
ID-3181,6
ID-3182,7
ID-3183,6
ID-3184,3
ID-3185,5
ID-3186,9
ID-3187,4
ID-3188,12
ID-3189,7
ID-3190,6
ID-3191,NA
ID-3192,42
ID-3193,3
ID-3194,7
ID-3196,NA
ID-3197,5
ID-3198,15
ID-3164,4
ID-3199,NA
ID-3200,4
ID-3201,0
ID-3202,4
ID-3203,7
ID-3204,11
ID-3205,42
ID-3206,7
ID-3207,5
ID-3208,7
ID-3209,3
ID-3210,3
ID-3211,19
ID-3212,12
ID-3213,1
ID-3214,10
ID-3215,8
ID-3216,NA
ID-3217,5
ID-3218,14
ID-3219,12
ID-3220,42
ID-3221,2
ID-3223,NA
ID-3224,2
ID-3155,NA
ID-3225,6
ID-3226,78
ID-3227,2
ID-3228,5
ID-3229,10
ID-3230,19
ID-3231,7
ID-3232,NA
ID-3233,13
ID-3234,2
ID-3235,11
ID-3236,NA
ID-3237,NA
ID-3238,5
ID-3239,5
ID-3240,6
ID-3195,4
ID-3241,NA
ID-3242,3
ID-3243,6
ID-3244,6
ID-3245,NA
ID-3246,NA
ID-3247,NA
ID-3248,0
ID-3249,7
ID-3222,4
ID-3250,6
ID-3251,42
ID-3252,0
ID-3253,5
ID-3254,6
ID-3255,22
ID-3256,0
ID-3257,NA
ID-3258,NA
ID-3259,4
ID-3260,27
ID-3261,4
ID-3262,8
ID-3263,0
ID-3264,12
ID-3265,12
ID-3267,14
ID-3268,3
ID-3269,42
ID-3270,0
ID-3271,4
ID-3272,53
ID-3273,0
ID-3274,NA
ID-3275,2
ID-3276,7
ID-3277,5
ID-3278,NA
ID-3279,12
ID-3280,3
ID-3281,67
ID-3282,72
ID-3283,0
ID-3284,2
ID-3285,82
ID-3286,7
ID-3287,3
ID-3288,8
ID-3289,13
ID-3290,15
ID-3291,4
ID-3292,7
ID-3293,3
ID-3294,12
ID-3295,3
ID-3296,15
ID-3297,3
ID-3298,5
ID-3299,42
ID-3300,7
ID-3301,5
ID-3302,12
ID-3303,6
ID-3304,37
ID-3305,37
ID-3306,4
ID-3307,10
ID-3308,NA
ID-3309,7
ID-3310,0
ID-3311,7
ID-3312,3
ID-3313,6
ID-3315,NA
ID-3316,3
ID-3317,8
ID-3318,12
ID-3319,7
ID-3320,6
ID-3321,9
ID-3322,8
ID-3266,NA
ID-3323,4
ID-3324,37
ID-3325,4
ID-3326,0
ID-3327,0
ID-3328,4
ID-3329,0
ID-3330,45
ID-3331,7
ID-3332,4
ID-3333,NA
ID-3334,4
ID-3335,3
ID-3336,3
ID-3337,0
ID-3339,4
ID-3340,4
ID-3341,8
ID-3342,5
ID-3343,NA
ID-3344,7
ID-3345,16
ID-3346,4
ID-3347,4
ID-3338,4
ID-3348,5
ID-3349,13
ID-3350,34
ID-3351,5
ID-3352,NA
ID-3353,NA
ID-3354,0
ID-3355,42
ID-3357,5
ID-3358,5
ID-3359,1
ID-3360,3
ID-3361,4
ID-3362,0
ID-3363,6
ID-3364,23
ID-3365,5
ID-3366,4
ID-3367,12
ID-3368,42
ID-3369,7
ID-3370,5
ID-3371,5
ID-3372,6
ID-3373,4
ID-3374,0
ID-3375,0
ID-3376,6
ID-3377,12
ID-3378,NA
ID-3379,3
ID-3380,5
ID-3381,8
ID-3382,4
ID-3383,14
ID-3384,7
ID-3385,5
ID-3386,0
ID-3387,6
ID-3388,NA
ID-3389,8
ID-3390,24
ID-3391,4
ID-3314,5
ID-3356,2
ID-3392,NA
ID-3394,9
ID-3395,3
ID-3396,NA
ID-3397,NA
ID-3398,4
ID-3400,3
ID-3401,5
ID-3402,14
ID-3403,NA
ID-3399,5
ID-3404,2
ID-3405,8
ID-3406,4
ID-3407,3
ID-3408,7
ID-3409,7
ID-3410,6
ID-3411,3
ID-3412,472
ID-3413,3
ID-3414,5
ID-3415,14
ID-3416,5
ID-3417,6
ID-3418,11
ID-3419,5
ID-3420,NA
ID-3421,47
ID-3422,5
ID-3423,NA
ID-3425,23
ID-3426,15
ID-3427,7
ID-3428,NA
ID-3429,43
ID-3430,27
ID-3431,5
ID-3432,42
ID-3424,6
ID-3433,12
ID-3393,4
ID-3434,7
ID-3435,3
ID-3436,52
ID-3437,15
ID-3438,4
ID-3439,20
ID-3440,5
ID-3441,3
ID-3442,4
ID-3443,12
ID-3444,4
ID-3445,NA
ID-3446,6
ID-3447,3
ID-3448,NA
ID-3449,7
ID-3450,7
ID-3451,0
ID-3452,NA
ID-3453,32
ID-3454,22
ID-3455,3
ID-3456,NA
ID-3457,NA
ID-3458,5
ID-3459,9
ID-3460,3
ID-3461,3
ID-3462,2
ID-3463,7
ID-3464,7
ID-3465,2
ID-3466,8
ID-3467,NA
ID-3468,0
ID-3469,2
ID-3470,3
ID-3471,5
ID-3472,NA
ID-3473,8
ID-3474,34
ID-3475,NA
ID-3476,4
ID-3477,99998
ID-3478,7
ID-3479,4
ID-3480,5
ID-3481,6
ID-3482,2
ID-3483,4
ID-3484,6
ID-3485,10
ID-3486,9
ID-3487,3
ID-3488,NA
ID-3489,12
ID-3490,7
ID-3491,7
ID-3493,5
ID-3494,NA
ID-3495,15
ID-3496,23
ID-3497,4
ID-3498,NA
ID-3499,4
ID-3492,NA
ID-3500,3
ID-3501,13
ID-3502,1
ID-3503,7
ID-3504,0
ID-3505,5
ID-3506,7
ID-3507,0
ID-3508,NA
ID-3509,0
ID-3510,8
ID-3511,NA
ID-3512,14
ID-3513,5
ID-3514,6
ID-3515,5
ID-3516,7
ID-3517,7
ID-3518,43
ID-3519,3
ID-3520,3
ID-3521,3
ID-3522,12
ID-3523,5
ID-3524,5
ID-3525,5
ID-3526,10
ID-3527,4
ID-3528,7
ID-3529,NA
ID-3530,5
ID-3531,NA
ID-3532,20
ID-3533,5
ID-3534,8
ID-3535,7
ID-3536,4
ID-3537,1
ID-3538,3
ID-3539,3
ID-3540,8
ID-3541,3
ID-3542,17
ID-3543,0
ID-3544,2
ID-3545,6
ID-3546,6
ID-3547,42
ID-3548,34
ID-3549,3
ID-3550,5
ID-3551,8
ID-3552,16
ID-3553,3
ID-3554,8
ID-3555,11
ID-3556,4
ID-3557,2
ID-3558,8
ID-3559,NA
ID-3560,0
ID-3561,22
ID-3562,17
ID-3563,NA
ID-3564,7
ID-3565,5
ID-3566,0
ID-3567,5
ID-3568,0
ID-3569,4
ID-3570,3
ID-3571,8844
ID-3572,2
ID-3573,12
ID-3574,42
ID-3575,11
ID-3576,3
ID-3578,666
ID-3579,7
ID-3580,7
ID-3581,7
ID-3582,9
ID-3583,5
ID-3584,4
ID-3586,0
ID-3587,2
ID-3588,7
ID-3589,NA
ID-3590,5
ID-3591,42
ID-3577,5
ID-3592,3
ID-3593,6
ID-3594,4
ID-3595,NA
ID-3596,3
ID-3597,15
ID-3598,5
ID-3585,NA
ID-3599,7
ID-3600,42
ID-3601,4
ID-3602,5
ID-3603,NA
ID-3604,0
ID-3605,4
ID-3606,23
ID-3607,NA
ID-3608,18
ID-3609,4
ID-3610,9
ID-3611,NA
ID-3612,0
ID-3613,5
ID-3614,8
ID-3615,3
ID-3616,3
ID-3617,17
ID-3618,3
ID-3620,2
ID-3621,12
ID-3622,7
ID-3623,45
ID-3624,8
ID-3625,52
ID-3626,4
ID-3627,NA
ID-3628,7
ID-3629,9
ID-3630,37
ID-3631,6
ID-3632,5
ID-3633,12
ID-3634,8
ID-3635,5
ID-3636,7
ID-3637,1
ID-3638,5
ID-3639,5
ID-3640,2365891
ID-3641,8
ID-3642,37
ID-3643,5
ID-3644,3
ID-3645,0
ID-3646,42
ID-3647,3
ID-3648,0
ID-3649,42
ID-3650,4
ID-3619,1
ID-3651,NA
ID-3652,10
ID-3653,5
ID-3654,5
ID-3655,5
ID-3656,4
ID-3657,84
ID-3658,NA
ID-3659,0
ID-3660,0
ID-3661,42
ID-3662,7
ID-3663,NA
ID-3664,0
ID-3665,0
ID-3666,12
ID-3667,397
ID-3668,5
ID-3669,5
ID-3670,5
ID-3671,5
ID-3672,42
ID-3673,3
ID-3674,NA
ID-3675,26
ID-3676,2
ID-3677,4
ID-3678,4
ID-3679,7
ID-3680,0
ID-3681,11
ID-3682,0
ID-3683,12
ID-3684,56
ID-3685,2
ID-3686,57
ID-3687,9
ID-3688,0
ID-3689,3
ID-3690,4
ID-3691,4
ID-3692,7
ID-3693,9
ID-3694,NA
ID-3695,NA
ID-3696,0
ID-3697,24
ID-3698,0
ID-3699,8
ID-3701,8
ID-3702,2
ID-3703,7
ID-3704,NA
ID-3705,14
ID-3706,5
ID-3700,NA
ID-3707,4
ID-3708,5
ID-3709,7
ID-3710,1000000
ID-3711,0
ID-3712,42
ID-3713,5
ID-3714,15
ID-3715,NA
ID-3716,2
ID-3717,3
ID-3718,5
ID-3719,7
ID-3720,0
ID-3721,3
ID-3722,5
ID-3723,5
ID-3724,3
ID-3725,3
ID-3726,5
ID-3727,6
ID-3728,42
ID-3729,3
ID-3730,3
ID-3731,7
ID-3732,5
ID-3733,8
ID-3734,16
ID-3735,3
ID-3736,5
ID-3737,4
ID-3738,0
ID-3739,27
ID-3740,2
ID-3741,6
ID-3742,9
ID-3743,0
ID-3744,NA
ID-3745,15
ID-3746,5
ID-3747,4
ID-3748,3
ID-3749,6
ID-3750,5
ID-3751,NA
ID-3752,0
ID-3753,5
ID-3754,2473
ID-3755,3
ID-3756,6
ID-3757,13
ID-3758,5
ID-3759,0
ID-3760,2
ID-3761,2
ID-3762,12
ID-3763,4
ID-3765,0
ID-3766,0
ID-3767,3
ID-3768,0
ID-3769,18
ID-3770,5
ID-3771,NA
ID-3772,4
ID-3773,NA
ID-3774,2
ID-3775,NA
ID-3776,8
ID-3764,2
ID-3777,4
ID-3778,7
ID-3779,0
ID-3780,3
ID-3781,4
ID-3782,8
ID-3783,7
ID-3784,6
ID-3785,7
ID-3786,0
ID-3788,NA
ID-3789,8745
ID-3790,3
ID-3791,7
ID-3792,6
ID-3793,NA
ID-3794,4
ID-3795,4
ID-3796,4
ID-3797,NA
ID-3798,1
ID-3799,4
ID-3800,0
ID-3787,3
ID-3801,NA
ID-3802,3
ID-3803,4
ID-3804,NA
ID-3805,2
ID-3806,4
ID-3807,18
ID-3808,12
ID-3809,6
ID-3810,7
ID-3811,14
ID-3812,17
ID-3813,17
ID-3814,7
ID-3815,4
ID-3816,5
ID-3817,6
ID-3818,27
ID-3819,7
ID-3820,NA
ID-3821,5
ID-3822,45
ID-3823,NA
ID-3824,NA
ID-3825,5
ID-3826,4
ID-3827,7
ID-3828,7
ID-3829,3
ID-3830,10
ID-3831,0
ID-3832,3
ID-3833,8
ID-3834,0
ID-3835,6
ID-3836,3
ID-3838,3
ID-3839,0
ID-3840,5
ID-3841,2
ID-3842,7
ID-3843,0
ID-3844,1
ID-3845,NA
ID-3846,3
ID-3847,7
ID-3848,17
ID-3837,17
ID-3849,2
ID-3850,4
ID-3851,4
ID-3852,7
ID-3853,6
ID-3854,6
ID-3855,8
ID-3856,0
ID-3857,22
ID-3858,NA
ID-3859,0
ID-3860,23
ID-3861,3
ID-3862,22
ID-3863,3
ID-3864,5
ID-3865,13
ID-3866,6
ID-3867,NA
ID-3868,4
ID-3869,4
ID-3870,5
ID-3871,2
ID-3872,3
ID-3873,63
ID-3874,NA
ID-3875,4
ID-3876,2
ID-3877,5
ID-3878,3
ID-3879,9
ID-3880,NA
ID-3881,5
ID-3882,9
ID-3883,4
ID-3884,3
ID-3885,5
ID-3886,5
ID-3887,74
ID-3888,6
ID-3889,8
ID-3890,5
ID-3891,4
ID-3892,8
ID-3893,250
ID-3894,NA
ID-3895,3
ID-3896,8
ID-3897,12
ID-3898,33
ID-3899,4
ID-3900,3
ID-3901,43
ID-3902,5
ID-3903,42
ID-3904,3
ID-3905,NA
ID-3906,NA
ID-3907,17
ID-3908,0
ID-3909,3
ID-3910,1
ID-3911,NA
ID-3912,3
ID-3913,3
ID-3914,NA
ID-3915,7
ID-3916,NA
ID-3917,4
ID-3918,2
ID-3919,34
ID-3920,8
ID-3921,3
ID-3922,NA
ID-3923,0
ID-3924,3
ID-3925,4
ID-3926,7
ID-3927,8
ID-3928,7
ID-3929,3
ID-3930,5
ID-3931,9
ID-3932,1
ID-3933,6
ID-3934,4
ID-3935,3
ID-3936,3
ID-3937,4235522
ID-3938,3
ID-3939,0
ID-3940,2
ID-3941,NA
ID-3942,NA
ID-3943,5
ID-3944,23
ID-3945,8
ID-3946,6
ID-3947,8
ID-3948,7
ID-3949,5
ID-3950,0
ID-3951,4
ID-3952,768
ID-3953,15
ID-3954,0
ID-3955,9
ID-3956,42
ID-3957,3
ID-3958,8
ID-3959,16
ID-3960,5
ID-3961,9
ID-3962,4
ID-3963,13
ID-3964,3
ID-3965,6
ID-3966,9
ID-3967,42
ID-3968,6
ID-3969,5
ID-3970,NA
ID-3971,NA
ID-3972,7
ID-3974,7
ID-3975,8
ID-3976,4
ID-3977,7
ID-3978,23
ID-3979,3
ID-3973,7
ID-3980,5
ID-3981,47
ID-3982,3
ID-3983,3
ID-3984,4
ID-3985,0
ID-3986,7
ID-3987,10
ID-3988,1
ID-3989,NA
ID-3990,8
ID-3991,0
ID-3992,7
ID-3993,NA
ID-3994,7
ID-3995,6
ID-3996,13
ID-3997,7
ID-3998,5
ID-3999,1
ID-4000,7
ID-4001,18
ID-4002,6
ID-4003,2
ID-4004,82
ID-4005,3
ID-4006,9
ID-4007,3
ID-4008,0
ID-4009,5
ID-4010,42
ID-4011,55
ID-4012,3
ID-4013,3
ID-4014,3
ID-4015,5
ID-4016,8
ID-4017,4
ID-4018,3
ID-4019,0
ID-4020,5
ID-4021,3
ID-4022,2
ID-4023,8
ID-4024,5
ID-4025,5
ID-4026,5
ID-4027,NA
ID-4028,4
ID-4029,5
ID-4030,5
ID-4031,NA
ID-4032,9
ID-4033,2
ID-4034,0
ID-4035,5
ID-4036,3
ID-4037,25
ID-4038,2
ID-4039,NA
ID-4040,NA
ID-4041,NA
ID-4042,105
ID-4043,3
ID-4044,1
ID-4045,6
ID-4046,0
ID-4047,NA
ID-4048,3
ID-4049,37
ID-4050,0
ID-4051,42
ID-4052,5
ID-4053,4
ID-4054,12
ID-4055,6
ID-4056,5
ID-4057,13
ID-4058,14
ID-4059,17
ID-4060,6
ID-4061,3
ID-4062,3
ID-4063,17
ID-4064,0
ID-4065,39
ID-4066,3
ID-1882,NA
ID-1883,5
ID-1884,4
ID-1885,NA
ID-4067,NA
ID-4068,3
ID-4069,5
ID-4070,6
ID-4071,7
ID-4072,32
ID-4073,3
ID-4074,13
ID-4075,1
ID-4076,100
ID-4077,NA
ID-4078,NA
ID-4079,7
ID-4080,0
ID-4081,NA
ID-4082,6
ID-4083,4
ID-4084,1
ID-4085,6
ID-4086,7
ID-4087,7
ID-4088,3
ID-4089,NA
ID-4090,3
ID-4091,5
ID-4092,4
ID-4093,2
ID-4094,0
ID-4095,3
ID-4096,8
ID-4097,23
ID-4098,5
ID-4099,3
ID-4100,4
ID-4101,7
ID-4102,3
ID-4103,0
ID-4104,7
ID-4105,4
ID-4106,6
ID-4107,8
ID-4108,0
ID-4109,5
ID-4110,0
ID-4111,3
ID-4112,7
ID-4113,1
ID-4114,1
ID-4115,NA
ID-4116,42
ID-4118,1
ID-4117,8
ID-4119,5
ID-4120,17
ID-4121,42
ID-4122,NA
ID-4123,7
ID-4124,5
ID-4125,NA
ID-4127,3
ID-4126,3
ID-4128,17
ID-4129,7
ID-4130,3
ID-4131,666
ID-4132,5
ID-4133,0
ID-4134,4
ID-4135,2
ID-4136,7
ID-4137,NA
ID-4138,241
ID-4139,5
ID-4140,6
ID-4141,42
ID-4142,NA
ID-4143,NA
ID-4144,NA
ID-4145,12
ID-4923,5
ID-4924,4
ID-4925,3
ID-4926,4
ID-4927,3
ID-4928,NA
ID-4929,53
ID-4930,13
ID-4931,2
ID-4932,9
ID-4933,3
ID-4934,NA
ID-4935,7
ID-4936,NA
ID-4937,12
ID-4938,11
ID-4939,5
ID-4940,8
ID-4941,6
ID-4942,NA
ID-4943,9723421
ID-4944,3
ID-4946,NA
ID-4945,4
ID-4947,2
ID-4948,3
ID-4949,7
ID-4950,7
ID-4951,28
ID-4952,42
ID-4953,4
ID-4954,5
ID-4955,5
ID-4956,3
ID-4957,NA
ID-4958,5
ID-4959,NA
ID-4960,6
ID-4961,NA
ID-4962,5
ID-4963,9
ID-4964,7
ID-4965,5
ID-4966,13
ID-4967,1
ID-4968,9
ID-4969,6
ID-4970,NA
ID-4971,NA
ID-4972,3
ID-4973,5
ID-4974,0
ID-4975,6
ID-4977,42
ID-4978,7
ID-4979,7
ID-4980,5
ID-4981,42
ID-4976,3
ID-4982,NA
ID-4983,3
ID-4984,6
ID-4985,8
ID-4986,3
ID-4987,0
ID-4988,5
ID-4989,3
ID-4990,3
ID-4991,3
ID-4992,NA
ID-4993,7
ID-4994,17
ID-4995,14
ID-4996,0
ID-4997,6
ID-4998,5
ID-4999,6
ID-5000,NA
ID-5001,4
ID-5002,NA
ID-5003,6
ID-5004,4
ID-5005,57
ID-5006,6
ID-5007,2
ID-5008,5
ID-5009,32
ID-5010,7
ID-5011,666
ID-5012,0
ID-5013,7
ID-5014,7
ID-5015,4
ID-5016,5
ID-5017,5
ID-5018,3
ID-5019,3
ID-5020,152
ID-5021,0
ID-5022,NA
ID-5023,NA
ID-5024,2
ID-5025,12
ID-5026,6
ID-5027,4
ID-5028,NA
ID-5029,8
ID-5030,4
ID-5031,NA
ID-5032,NA
ID-5033,53
ID-5034,11
ID-5035,4
ID-5036,NA
ID-5037,42
ID-5038,17
ID-5039,12
ID-5040,23
ID-5041,2
ID-5042,NA
ID-5043,7
ID-5044,17
ID-5045,18
ID-5046,7
ID-5047,0
ID-5048,3
ID-5049,4
ID-5050,3
ID-5051,3
ID-5052,8
ID-5053,13
ID-5054,17
ID-5055,37
ID-5056,11
ID-5057,0
ID-5058,7
ID-5059,13
ID-5060,4
ID-5061,0
ID-5062,5
ID-5063,2
ID-5064,27
ID-5065,0
ID-5066,5
ID-5067,7
ID-5068,4
ID-5069,37
ID-5070,15
ID-5071,4
ID-5072,9
ID-5073,4
ID-5074,2
ID-5075,7
ID-5077,18
ID-5078,13
ID-5079,1
ID-5080,4
ID-5081,2
ID-5082,3
ID-5083,3
ID-5084,NA
ID-5085,5
ID-5086,7
ID-5087,5
ID-5088,5
ID-5089,4
ID-5090,3
ID-5091,6
ID-5092,4
ID-5093,8
ID-5094,7
ID-5095,42
ID-5096,3
ID-5097,9
ID-5098,5
ID-5099,4
ID-5100,5
ID-5101,NA
ID-5102,3
ID-5103,8
ID-5104,50
ID-5105,3
ID-5106,17
ID-5107,7
ID-5108,4
ID-5109,3
ID-5110,6
ID-5111,42
ID-5112,5
ID-5113,NA
ID-5115,0
ID-5116,58
ID-5117,42
ID-5114,42
ID-5118,5
ID-5119,5
ID-5120,4
ID-5121,17
ID-5122,7
ID-5123,62
ID-5124,8
ID-5125,3
ID-5126,NA
ID-5127,48
ID-5128,10
ID-5129,0
ID-5130,0
ID-5131,NA
ID-5132,5
ID-5133,15
ID-5134,0
ID-5135,23
ID-5136,4
ID-5137,5
ID-5138,3
ID-5139,NA
ID-5140,3
ID-5141,5
ID-5142,4
ID-5143,NA
ID-5144,NA
ID-5145,4
ID-5146,8
ID-5147,8
ID-5148,7
ID-5149,3
ID-5150,9
ID-5151,16
ID-5152,6
ID-5153,2
ID-5155,0
ID-5154,3
ID-5156,2
ID-5157,4
ID-5158,4
ID-5159,3
ID-5160,5
ID-5161,NA
ID-5162,4
ID-5163,0
ID-5164,69
ID-5165,NA
ID-5166,42
ID-5167,5
ID-5168,17
ID-5169,5
ID-5170,42
ID-5171,0
ID-5172,156
ID-5173,3
ID-5174,7
ID-5175,NA
ID-5176,0
ID-5177,7
ID-5178,0
ID-5179,10
ID-5180,4
ID-5181,7
ID-5182,7
ID-5183,8
ID-5184,42
ID-5185,6
ID-5186,13
ID-5187,5
ID-5188,NA
ID-5189,7
ID-5190,8
ID-5191,6
ID-5192,6
ID-5076,14
ID-5193,5
ID-5194,12
ID-5195,50
ID-5196,NA
ID-5197,NA
ID-5198,4
ID-5199,4
ID-5200,43
ID-5201,6
ID-5202,5
ID-5203,5
ID-5204,3
ID-5205,6
ID-5206,15
ID-5207,13
ID-5208,4
ID-5209,42
ID-5210,12
ID-5211,3
ID-5212,9
ID-5213,5
ID-5214,NA
ID-5215,NA
ID-5216,17
ID-5217,2
ID-5218,4
ID-5219,7
ID-5220,14
ID-5221,5
ID-5222,5
ID-5223,0
ID-5224,4
ID-5225,3
ID-5226,12
ID-5227,5
ID-5228,7
ID-5229,14
ID-5230,3
ID-5231,NA
ID-5232,1
ID-5233,7
ID-5234,5
ID-5235,10
ID-5236,6
ID-5237,8
ID-5238,7
ID-5239,25
ID-5240,0
ID-5241,23
ID-5242,5
ID-5243,13
ID-5244,3
ID-5245,5
ID-5246,5
ID-5247,5
ID-5248,5
ID-5249,42
ID-5250,17
ID-5251,NA
ID-5252,7
ID-5253,6
ID-5254,7
ID-5255,8
ID-5256,5
ID-5257,3
ID-5258,4
ID-5259,7
ID-5260,433
ID-5261,NA
ID-5262,3
ID-5263,17
ID-5264,7
ID-5265,47
ID-5266,3
ID-5267,NA
ID-5268,42
ID-5269,6
ID-5270,7
ID-5271,0
ID-5272,0
ID-5273,23
ID-5274,0
ID-5275,9
ID-5276,0
ID-5277,85
ID-5278,NA
ID-5279,NA
ID-5280,6
ID-5281,0
ID-5282,9
ID-5283,0
ID-5284,4
ID-5285,0
ID-5286,0
ID-5287,NA
ID-5288,12
ID-5289,3
ID-5290,NA
ID-5291,5
ID-5292,NA
ID-5293,7
ID-5294,0
ID-5295,5
ID-5296,0
ID-5297,5
ID-5298,5
ID-5299,6
ID-5300,7
ID-5301,5
ID-5302,4
ID-5303,4
ID-5304,5
ID-5305,6
ID-5306,2
ID-5307,17
ID-5308,4
ID-5309,12
ID-5310,0
ID-5311,6
ID-5312,6
ID-5313,NA
ID-5314,4
ID-5315,4
ID-5316,2
ID-5317,20
ID-5318,2
ID-5319,0
ID-5320,3
ID-5321,NA
ID-5322,5
ID-5323,5
ID-5324,3
ID-5325,0
ID-5326,12
ID-5327,5
ID-5328,1
ID-5329,4
ID-5330,6
ID-5331,12
ID-5332,0
ID-5333,3
ID-5334,2
ID-5335,2
ID-5336,NA
ID-5337,3
ID-5338,6
ID-5339,7
ID-5340,NA
ID-5341,8
ID-5342,12
ID-5343,3
ID-5344,NA
ID-5345,6
ID-5346,7
ID-5347,7
ID-5348,NA
ID-5349,4
ID-5350,NA
ID-5351,5
ID-5352,5
ID-5353,23
ID-5354,5
ID-5355,15
ID-4146,7
ID-4147,5
ID-4148,8
ID-4149,3
ID-4150,NA
ID-4151,3
ID-4152,3
ID-4153,7
ID-4154,2
ID-4155,0
ID-4156,NA
ID-4157,2
ID-4158,9
ID-4159,5
ID-4160,4
ID-4161,NA
ID-4162,12
ID-4163,149
ID-4164,NA
ID-4165,7
ID-4166,2
ID-4167,3
ID-4168,4
ID-4169,7
ID-4170,6
ID-4171,3
ID-4172,5
ID-4173,0
ID-4174,5
ID-4175,5
ID-4176,NA
ID-4177,3
ID-4178,3
ID-5356,11
ID-5357,NA
ID-5358,4
ID-5359,27
ID-5360,1
ID-5361,0
ID-5362,6
ID-5363,7
ID-5364,7
ID-5365,8
ID-5366,6
ID-5367,4
ID-5368,8211
ID-5369,NA
ID-5370,10
ID-5371,17
ID-5373,16
ID-5372,4
ID-5374,0
ID-5375,5
ID-5376,13
ID-5377,4
ID-5378,42
ID-5379,6
ID-5380,7
ID-5381,17
ID-5382,7
ID-5383,7
ID-5384,5
ID-5385,50
ID-5386,NA
ID-5387,5
ID-5388,NA
ID-5389,13
ID-5390,0
ID-5391,7
ID-5392,7
ID-5393,2
ID-4179,34
ID-4180,3
ID-4181,2
ID-4182,17
ID-4183,0
ID-4184,NA
ID-4185,2
ID-4186,8
ID-4187,3
ID-4188,100
ID-4189,409
ID-4190,4
ID-4191,18
ID-4192,5
ID-4193,7
ID-4194,6
ID-4195,0
ID-4196,7
ID-4197,0
ID-4198,24
ID-4199,5
ID-4200,0
ID-4201,6
ID-4202,0
ID-4203,3
ID-4204,7
ID-4205,NA
ID-4206,3
ID-4207,0
ID-4208,3
ID-4209,NA
ID-4210,3
ID-4211,4
ID-4212,7
ID-4213,0
ID-4214,5
ID-4215,2
ID-4216,7
ID-4217,NA
ID-4218,4
ID-4219,4
ID-4220,3
ID-4221,NA
ID-4222,4
ID-4223,4
ID-4224,2
ID-4225,10
ID-4226,84
ID-4227,6
ID-4228,0
ID-4229,4
ID-4230,8
ID-4231,3
ID-4232,4
ID-4233,6
ID-4234,7
ID-4235,4
ID-4236,0
ID-4237,4
ID-4238,27
ID-4239,7
ID-4240,0
ID-4241,7
ID-4242,3
ID-4243,5
ID-4244,3
ID-4245,12
ID-4246,7
ID-4247,14
ID-4248,2
ID-4249,NA
ID-4250,NA
ID-4251,NA
ID-4252,0
ID-4253,5
ID-4254,5
ID-4255,5
ID-4256,2
ID-4257,37
ID-4258,3
ID-4259,NA
ID-4260,5
ID-4261,2
ID-4262,3
ID-4263,25
ID-4264,6
ID-4265,4
ID-4266,5
ID-4267,5
ID-4268,0
ID-4269,4
ID-4270,6
ID-4271,3
ID-4272,6
ID-4273,6
ID-4274,5
ID-4275,4
ID-4276,5
ID-4278,1
ID-4277,0
ID-4279,34
ID-4280,4
ID-4281,3
ID-4282,5
ID-4283,2
ID-4284,12
ID-4285,35
ID-4286,82
ID-4287,9
ID-4288,7
ID-4289,2
ID-4290,7
ID-4291,27
ID-4292,5
ID-4293,4
ID-4294,NA
ID-4295,4
ID-4296,5
ID-4297,NA
ID-4298,0
ID-4299,75
ID-4300,3
ID-4301,17
ID-4302,47
ID-4303,3
ID-4304,5
ID-4305,8
ID-4308,5
ID-4309,NA
ID-4310,8
ID-4311,5
ID-4312,7
ID-4313,13
ID-4307,5
ID-4314,3
ID-4315,6
ID-4316,2
ID-4317,5
ID-4318,7
ID-4319,42
ID-4320,NA
ID-4321,0
ID-4322,2
ID-4323,8
ID-4324,2
ID-4325,7
ID-4306,NA
ID-4326,0
ID-4327,2
ID-4328,7
ID-4330,6
ID-4331,3
ID-4332,0
ID-4333,4
ID-4334,0
ID-4329,3
ID-4335,7
ID-4336,4
ID-4337,3
ID-4338,3
ID-4339,12
ID-4340,4
ID-4341,4
ID-4342,NA
ID-4343,3
ID-4344,99
ID-4345,0
ID-4346,2
ID-4347,3
ID-4348,5
ID-4349,3
ID-4350,3
ID-4351,3
ID-4352,6
ID-4353,6
ID-4354,2
ID-4355,2
ID-4356,0
ID-4357,4
ID-4358,5
ID-4359,4
ID-4360,NA
ID-4361,4
ID-4362,5
ID-4363,2
ID-4364,5
ID-4365,4
ID-4366,4
ID-4367,NA
ID-4368,3
ID-4369,1
ID-4370,5
ID-4371,17
ID-4372,5
ID-4373,4
ID-4374,28
ID-4375,32
ID-4376,NA
ID-4377,3
ID-4378,0
ID-4379,4
ID-4380,489
ID-4381,5
ID-4382,19
ID-4383,7
ID-4384,6
ID-4385,2
ID-4386,8
ID-4387,5
ID-4388,0
ID-4389,18
ID-4390,3
ID-4391,4
ID-4392,6
ID-4393,4
ID-4394,5
ID-4395,5
ID-4396,0
ID-4397,0
ID-4398,23
ID-4399,12
ID-4400,4
ID-4401,3
ID-4402,4
ID-4403,5
ID-4404,7
ID-4405,5
ID-4406,21
ID-4407,14
ID-4408,0
ID-4409,7
ID-4410,5
ID-4411,3
ID-4412,10
ID-4413,41
ID-4414,6
ID-4415,8
ID-4416,0
ID-4417,7
ID-4418,0
ID-4419,NA
ID-4420,8
ID-4421,5
ID-4422,3
ID-4423,5
ID-4424,8
ID-4425,3
ID-4426,3
ID-4427,NA
ID-4428,7
ID-4429,4
ID-4430,12
ID-4431,5
ID-4432,4
ID-4433,3
ID-4434,4
ID-4435,12
ID-4436,0
ID-4437,NA
ID-4438,7
ID-4439,16
ID-4440,4
ID-4441,NA
ID-4442,4
ID-4443,1
ID-4444,19
ID-4445,14
ID-4446,NA
ID-4447,11
ID-4448,3
ID-4449,2
ID-4450,12
ID-4451,2
ID-4452,23
ID-4453,7
ID-4454,0
ID-4455,15
ID-4456,9
ID-4457,0
ID-4458,5
ID-4459,5
ID-4460,4
ID-4461,NA
ID-4462,12
ID-4463,5
ID-4464,8
ID-4465,7
ID-4466,4
ID-4467,7
ID-4468,7
ID-4469,0
ID-4470,7
ID-4471,NA
ID-4472,24
ID-4473,NA
ID-4474,47
ID-4475,0
ID-4476,7
ID-4477,0
ID-4478,12
ID-4479,9
ID-4480,4
ID-4481,3
ID-4482,3
ID-4483,0
ID-4484,2
ID-4485,3
ID-4486,3
ID-4487,4
ID-4488,17
ID-4489,3
ID-4490,42
ID-4491,0
ID-4492,10
ID-4493,0
ID-4494,12
ID-4495,12
ID-4496,8
ID-4497,4
ID-4498,42
ID-4499,6
ID-4500,5
ID-4501,2
ID-4502,4
ID-4503,19
ID-4504,57
ID-4505,5
ID-4506,0
ID-4507,7
ID-4508,9
ID-4509,34
ID-4510,3
ID-4511,4
ID-4512,5
ID-4513,4
ID-4514,7
ID-4515,10
ID-4516,7
ID-4517,4
ID-4518,5
ID-4519,0
ID-4520,3
ID-4521,42
ID-4522,6
ID-4523,5
ID-4524,10
ID-4525,5
ID-4526,4
ID-4527,4
ID-4528,5
ID-4529,9
ID-4530,5
ID-4531,4
ID-4532,3
ID-4533,4
ID-4534,2
ID-4535,NA
ID-4536,14
ID-4537,7
ID-4538,5
ID-4539,3
ID-4540,4
ID-4541,3
ID-4542,6
ID-4543,0
ID-4544,17
ID-4545,8
ID-4546,3
ID-4547,6
ID-4548,2
ID-4549,NA
ID-4550,4
ID-4551,10
ID-4552,10
ID-4553,40
ID-4554,3
ID-4555,500
ID-4556,42
ID-4557,NA
ID-4558,0
ID-4559,13
ID-4560,6
ID-4561,42
ID-4562,NA
ID-4563,NA
ID-4564,NA
ID-4565,4
ID-4566,4
ID-4567,NA
ID-4568,0
ID-4569,NA
ID-4570,NA
ID-4571,0
ID-4572,11
ID-4573,7
ID-4574,4
ID-4575,7
ID-4576,5
ID-4577,8
ID-4578,19
ID-4579,5
ID-4580,21
ID-4581,6
ID-4582,7
ID-4583,7
ID-4584,0
ID-4585,8
ID-4586,6
ID-4587,4
ID-4588,3
ID-4589,NA
ID-4590,7
ID-4591,3
ID-4592,0
ID-4593,10
ID-4594,4
ID-4595,4
ID-4596,3
ID-4597,5
ID-4598,12
ID-4599,5
ID-4600,7
ID-4601,5
ID-4602,8
ID-4603,5
ID-4604,58
ID-4605,6
ID-4606,NA
ID-4607,NA
ID-4608,2
ID-4609,42
ID-4610,40
ID-4611,4
ID-4612,12
ID-4613,6
ID-4614,4
ID-4615,7
ID-4616,42
ID-4617,15
ID-4618,NA
ID-4620,19
ID-4621,10
ID-4622,18
ID-4623,NA
ID-4624,7
ID-4625,42
ID-4626,7
ID-4627,6
ID-4628,NA
ID-4629,6
ID-4630,0
ID-4631,6
ID-4632,6
ID-4633,4
ID-4619,2
ID-4634,0
ID-4635,0
ID-4636,0
ID-4637,NA
ID-4638,8
ID-4639,0
ID-4640,0
ID-4641,5
ID-4642,17
ID-4643,5
ID-4644,5
ID-4645,5
ID-4646,2
ID-4647,4
ID-4648,4
ID-4649,7
ID-4650,26
ID-4651,7
ID-4652,4
ID-4653,4
ID-4654,0
ID-4655,0
ID-4656,0
ID-4657,8
ID-4658,24
ID-4659,33
ID-4660,7
ID-4661,12
ID-4662,321
ID-4663,12
ID-4664,24
ID-4665,0
ID-4666,0
ID-4667,3
ID-4668,0
ID-4669,0
ID-4671,0
ID-4672,14
ID-4673,7
ID-4674,2
ID-4675,7
ID-4670,1
ID-4676,1256
ID-4677,20365
ID-4678,5
ID-4679,5
ID-4680,12
ID-4681,5
ID-4682,7
ID-4683,4
ID-4684,68
ID-4685,NA
ID-4686,NA
ID-4687,4
ID-4688,13
ID-4689,3
ID-4690,4
ID-4691,7
ID-4692,0
ID-4693,0
ID-4694,6
ID-4695,5
ID-4696,2
ID-4697,10
ID-4698,NA
ID-4699,3
ID-4700,3
ID-4701,5
ID-4702,1
ID-4703,7
ID-4704,8
ID-4705,5
ID-4706,3
ID-4707,26
ID-4708,3
ID-4709,7
ID-4710,3
ID-4711,NA
ID-4712,0
ID-4713,2
ID-4714,4
ID-4715,27
ID-4716,7
ID-4717,5
ID-4718,3
ID-4719,4
ID-4720,37
ID-4721,5
ID-4722,2
ID-4723,12
ID-4724,2
ID-4725,3
ID-4726,12
ID-4727,9
ID-4728,9
ID-4729,NA
ID-4730,3
ID-4731,13
ID-4732,5
ID-4733,0
ID-4734,NA
ID-4735,8
ID-4736,2
ID-4737,0
ID-4738,6
ID-4739,1
ID-4740,5
ID-4741,NA
ID-4742,NA
ID-4743,4
ID-4744,7
ID-4745,0
ID-4746,4
ID-4747,5
ID-4748,4
ID-4749,13
ID-4750,4
ID-4751,NA
ID-4752,2
ID-4753,5
ID-4754,8
ID-4755,13
ID-4756,NA
ID-4757,4
ID-4758,2
ID-4759,NA
ID-4760,0
ID-4761,25
ID-4762,14
ID-4763,7
ID-4764,4
ID-4765,5
ID-4766,22
ID-4767,47
ID-4768,3
ID-4769,NA
ID-4770,13
ID-4771,4
ID-4772,NA
ID-4773,3
ID-4774,6
ID-4775,0
ID-4776,7
ID-4777,9
ID-4778,NA
ID-4779,8
ID-4780,0
ID-4781,5
ID-4782,NA
ID-4783,5
ID-4784,NA
ID-4785,3
ID-4786,5
ID-4787,NA
ID-4788,NA
ID-4789,5
ID-4790,NA
ID-4791,4
ID-4792,7
ID-4793,2
ID-4794,0
ID-4795,8
ID-4796,7
ID-4797,NA
ID-4798,5
ID-4799,17
ID-4800,8
ID-4801,8
ID-4802,3
ID-4803,0
ID-4804,NA
ID-4806,16
ID-4807,5
ID-4808,1
ID-4809,0
ID-4810,NA
ID-4811,42
ID-4812,25
ID-4813,43
ID-4814,5
ID-4815,0
ID-4816,4
ID-4817,8
ID-4818,87
ID-4819,NA
ID-4805,2
ID-4820,4
ID-4821,47
ID-4822,5
ID-4823,12
ID-4824,42
ID-4825,287
ID-4826,12
ID-4827,3
ID-4828,3
ID-4829,3
ID-4830,NA
ID-4831,NA
ID-4832,1
ID-4833,0
ID-4834,0
ID-4835,12
ID-4836,3
ID-4837,3
ID-4838,2
ID-4839,0
ID-4840,3
ID-4841,3
ID-4842,3
ID-4843,15
ID-4844,NA
ID-4845,0
ID-4846,12
ID-4847,72
ID-4848,8
ID-4849,0
ID-4850,6
ID-4851,23
ID-4852,3
ID-4853,2
ID-4854,347
ID-4855,NA
ID-4856,42
ID-4857,3
ID-4858,3
ID-4859,14
ID-4860,6
ID-4861,NA
ID-4862,5
ID-4863,14
ID-4864,NA
ID-4865,NA
ID-4866,6
ID-4867,3
ID-4868,4
ID-4869,32
ID-4870,NA
ID-4871,215
ID-4872,0
ID-4873,4
ID-4874,5
ID-4875,5
ID-4876,4
ID-4877,10
ID-4878,5
ID-4879,1
ID-4880,67
ID-4881,7
ID-4882,0
ID-4883,NA
ID-4884,4
ID-4885,15
ID-4886,3
ID-4887,8
ID-4888,7
ID-4889,24
ID-4890,3
ID-4891,13
ID-4892,78
ID-4893,97
ID-4894,0
ID-4895,NA
ID-4896,4
ID-4897,0
ID-4898,22
ID-4899,5
ID-4900,7
ID-4901,20
ID-4902,15
ID-4903,7
ID-4904,4
ID-4905,3
ID-4906,0
ID-4907,17
ID-4908,3
ID-4909,11
ID-4910,3
ID-4911,4
ID-4912,2
ID-4913,4
ID-4914,7
ID-4915,6
ID-4916,4
ID-4917,6
ID-4918,13
ID-4919,7
ID-4920,6
ID-4921,6
ID-4922,3
ID-5394,3
ID-5395,NA
ID-5396,5
ID-5397,NA
ID-5398,NA
ID-5399,6
ID-5400,7
ID-5518,14
ID-5519,7
ID-5520,6
ID-5521,5
ID-5522,19
ID-5523,NA
ID-5524,NA
ID-5525,4
ID-5526,4
ID-5527,7
ID-5528,NA
ID-5529,NA
ID-5530,3
ID-5531,4
ID-5532,NA
ID-5533,2
ID-5534,32
ID-5535,12
ID-5536,23
ID-5537,15
ID-5538,10
ID-5539,5
ID-5540,4
ID-5541,7
ID-5542,3
ID-5543,8
ID-5544,15
ID-5545,10
ID-5546,17
ID-5547,0
ID-5548,0
ID-5549,5
ID-5550,5
ID-5551,6
ID-5552,6
ID-5553,0
ID-5554,NA
ID-5555,22
ID-5556,15
ID-5557,17
ID-5558,5
ID-5559,12
ID-5560,5
ID-5561,5
ID-5562,1
ID-5563,12
ID-5564,3
ID-5565,0
ID-5566,3
ID-5567,3
ID-5568,NA
ID-5569,NA
ID-5570,3
ID-5571,14
ID-5572,7
ID-5573,0
ID-5574,7
ID-5575,1
ID-5576,7
ID-5577,NA
ID-5578,5
ID-5579,5
ID-5580,3
ID-5581,5
ID-5582,6
ID-5583,5
ID-5584,5
ID-5585,5
ID-5586,15
ID-5587,NA
ID-5588,5
ID-5589,1
ID-5590,4
ID-5591,25
ID-5592,5
ID-5593,NA
ID-5594,2
ID-5595,23
ID-5596,3
ID-5597,0
ID-5598,15
ID-5599,2
ID-5600,8
ID-5601,407
ID-5602,7
ID-5603,7
ID-5604,5
ID-5605,10
ID-5606,5
ID-5607,5
ID-5608,6
ID-5609,16
ID-5610,14
ID-5401,12
ID-5402,12
ID-5403,4
ID-5404,9
ID-5611,5
ID-5612,4
ID-5613,7
ID-5614,6
ID-5615,10
ID-5616,69420
ID-5617,12
ID-5618,12
ID-5619,0
ID-5620,9
ID-5405,3
ID-5406,9
ID-5407,0
ID-5408,0
ID-5409,7
ID-5410,52
ID-5411,5
ID-5412,1000000
ID-5413,5
ID-5414,9
ID-5415,5
ID-5416,4
ID-5417,4
ID-5418,47
ID-5419,5
ID-5420,8
ID-5421,12
ID-5422,17
ID-5423,18
ID-5424,7
ID-5426,3
ID-5427,0
ID-5428,NA
ID-5425,5
ID-5429,NA
ID-5430,NA
ID-5431,50
ID-5432,3
ID-5433,5
ID-5434,NA
ID-5435,8
ID-5436,6
ID-5437,6
ID-5438,5
ID-5439,37
ID-5440,NA
ID-5441,5
ID-5442,5
ID-5443,78
ID-5444,6
ID-5445,0
ID-5446,6
ID-5447,3
ID-5448,9
ID-5449,27
ID-5450,25
ID-5451,NA
ID-5452,NA
ID-5453,6
ID-5454,6
ID-5455,15
ID-5456,4
ID-5457,0
ID-5458,5
ID-5459,37
ID-5460,4
ID-5461,1
ID-5462,3
ID-5463,6
ID-5464,5
ID-5465,0
ID-5466,6
ID-5467,2
ID-5468,0
ID-5469,NA
ID-5470,7
ID-5471,4
ID-5472,7
ID-5473,NA
ID-5474,17
ID-5475,4
ID-5476,5
ID-5477,7
ID-5478,3
ID-5479,0
ID-5480,13
ID-5481,10
ID-5482,7
ID-5483,2
ID-5484,NA
ID-5485,9
ID-5486,14
ID-5487,NA
ID-5488,NA
ID-5489,17
ID-5490,3
ID-5491,2
ID-5492,5
ID-5493,3
ID-5494,16
ID-5495,27
ID-5496,4
ID-5497,0
ID-5498,6
ID-5499,6
ID-5500,5
ID-5501,4
ID-5502,5
ID-5503,8
ID-5504,8
ID-5505,6
ID-5506,2591
ID-5507,5
ID-5508,6
ID-5509,7
ID-5510,6
ID-5511,23
ID-5512,0
ID-5513,14
ID-5514,6
ID-5515,3
ID-5516,7
ID-5517,0
ID-5621,3
ID-5622,6
ID-5623,12
ID-5624,NA
ID-5625,7
ID-5626,4
ID-5627,6
ID-5628,4
ID-5629,4
ID-5630,19
ID-5631,NA
ID-5632,0
ID-5633,5
ID-5634,3
ID-5635,2
ID-5643,NA
ID-5644,15
ID-5645,22
ID-5646,NA
ID-5647,4
ID-5648,42
ID-5649,1
ID-5650,23
ID-5651,10
ID-5652,6
ID-5653,4
ID-5654,15
ID-5655,5
ID-5656,4
ID-5657,13
ID-5658,5
ID-5636,5
ID-5637,NA
ID-5638,42
ID-5639,NA
ID-5640,7
ID-5641,4
ID-5642,17
