user,age
ID-0138,35
ID-0139,41
ID-0140,33
ID-0142,31
ID-0143,30
ID-0141,38
ID-0144,48
ID-0145,39
ID-0146,NA
ID-0147,54
ID-0148,40
ID-0149,38
ID-0150,33
ID-0151,36
ID-0152,47
ID-0153,60
ID-0154,34
ID-0155,44
ID-0156,46
ID-0157,34
ID-0158,46
ID-0159,47
ID-0160,52
ID-0161,38
ID-0162,33
ID-0163,44
ID-0164,37
ID-0165,33
ID-0166,57
ID-0167,32
ID-0168,45
ID-0169,38
ID-0170,58
ID-0171,43
ID-0172,45
ID-0173,60
ID-0174,NA
ID-0175,49
ID-0176,34
ID-0177,NA
ID-0178,36
ID-0179,47
ID-0180,52
ID-0181,30
ID-0182,54
ID-0183,64
ID-0184,26
ID-0185,64
ID-0186,46
ID-0187,53
ID-0188,NA
ID-0189,32
ID-0190,57
ID-0191,27
ID-0192,NA
ID-0193,54
ID-0194,31
ID-0195,NA
ID-0196,50
ID-0197,42
ID-0198,32
ID-0199,NA
ID-0200,30
ID-0201,28
ID-0202,NA
ID-0203,44
ID-0204,54
ID-0205,38
ID-0206,38
ID-0207,37
ID-0208,35
ID-0209,43
ID-0210,33
ID-0211,13
ID-0212,51
ID-0213,33
ID-0214,70
ID-0215,46
ID-0216,51
ID-0217,44
ID-0218,41
ID-0219,47
ID-0220,46
ID-0221,NA
ID-0222,NA
ID-0223,43
ID-0224,43
ID-0225,36
ID-0226,70
ID-0227,19
ID-0228,32
ID-0229,35
ID-0230,27
ID-0231,43
ID-0232,45
ID-0233,25
ID-0234,33
ID-0235,36
ID-0236,32
ID-0237,51
ID-0238,36
ID-0239,26
ID-0240,59
ID-0241,32
ID-0242,39
ID-0243,61
ID-0244,31
ID-0245,42
ID-0246,33
ID-0247,42
ID-0248,52
ID-0249,33
ID-0250,38
ID-0251,46
ID-0252,31
ID-0253,34
ID-0254,37
ID-0255,23
ID-0256,46
ID-0257,42
ID-0258,40
ID-0259,NA
ID-0260,40
ID-0261,33
ID-0262,37
ID-0263,35
ID-0264,33
ID-0265,35
ID-0266,39
ID-0267,32
ID-0268,27
ID-0269,NA
ID-0270,41
ID-0271,55
ID-0272,32
ID-0273,37
ID-0274,13
ID-0275,36
ID-0276,39
ID-0277,38
ID-0278,47
ID-0279,46
ID-0280,33
ID-0281,45
ID-0282,31
ID-0283,44
ID-0284,40
ID-0285,33
ID-0286,45
ID-0287,38
ID-0288,13
ID-0289,46
ID-0290,38
ID-0291,53
ID-0292,33
ID-0293,12
ID-0294,33
ID-0295,40
ID-0296,51
ID-0297,37
ID-0298,32
ID-0299,NA
ID-0300,43
ID-0301,41
ID-0302,27
ID-0303,36
ID-0304,32
ID-0305,32
ID-0306,39
ID-0307,32
ID-0308,49
ID-0309,27
ID-0310,45
ID-0311,34
ID-0312,36
ID-0313,NA
ID-0314,12
ID-0315,12
ID-0316,50
ID-0317,13
ID-0318,12
ID-0319,59
ID-0320,36
ID-0321,46
ID-0322,46
ID-0323,47
ID-0324,55
ID-0325,38
ID-0326,33
ID-0327,NA
ID-0328,35
ID-0329,60
ID-0330,49
ID-0331,32
ID-0332,21
ID-0333,28
ID-0334,55
ID-0335,42
ID-0336,44
ID-0337,16
ID-0338,27
ID-0339,40
ID-0340,49
ID-0341,NA
ID-0342,39
ID-0343,53
ID-0344,35
ID-0345,51
ID-0346,50
ID-0347,56
ID-0348,58
ID-0349,49
ID-0350,49
ID-0351,49
ID-0352,NA
ID-0353,35
ID-0354,41
ID-0355,48
ID-0356,41
ID-0357,22
ID-0358,42
ID-0359,30
ID-0360,33
ID-0361,26
ID-0362,34
ID-0363,53
ID-0364,52
ID-0365,57
ID-0366,NA
ID-0367,33
ID-0368,34
ID-0369,32
ID-0370,39
ID-0371,6
ID-0372,58
ID-0373,22
ID-0374,6
ID-0375,29
ID-0376,46
ID-0377,64
ID-0378,42
ID-0379,55
ID-0380,48
ID-0381,39
ID-0382,30
ID-0383,46
ID-0384,35
ID-0385,30
ID-0386,45
ID-0387,38
ID-0388,42
ID-0389,64
ID-0390,35
ID-0391,30
ID-0392,64
ID-0393,NA
ID-0394,26
ID-0395,50
ID-0396,43
ID-0397,29
ID-0398,43
ID-0399,45
ID-0400,37
ID-0401,34
ID-0402,35
ID-0403,NA
ID-0404,53
ID-0405,37
ID-0406,45
ID-0407,32
ID-0408,40
ID-0409,60
ID-0410,58
ID-0411,NA
ID-0412,43
ID-0413,30
ID-0414,48
ID-0415,44
ID-0416,39
ID-0417,43
ID-0418,36
ID-0419,35
ID-0420,55
ID-0421,58
ID-0422,34
ID-0423,31
ID-0424,31
ID-0425,53
ID-0426,NA
ID-0427,26
ID-0428,40
ID-0429,44
ID-0430,43
ID-0431,42
ID-0432,40
ID-0433,26
ID-0434,51
ID-0435,58
ID-0436,46
ID-0437,52
ID-0438,26
ID-0439,54
ID-0440,43
ID-0441,41
ID-0442,32
ID-0443,45
ID-0444,34
ID-0445,40
ID-0446,54
ID-0447,36
ID-0448,30
ID-0449,55
ID-0450,47
ID-0451,41
ID-0452,38
ID-0453,27
ID-0454,40
ID-0455,27
ID-0456,31
ID-0457,36
ID-0458,32
ID-0459,33
ID-0460,32
ID-0462,36
ID-0461,30
ID-0463,27
ID-0464,24
ID-0465,36
ID-0466,33
ID-0467,48
ID-0468,40
ID-0469,NA
ID-0470,58
ID-0471,41
ID-0472,51
ID-0473,34
ID-0474,32
ID-0475,41
ID-0476,NA
ID-0477,48
ID-0478,48
ID-0479,32
ID-0480,44
ID-0481,31
ID-0482,39
ID-0483,44
ID-0484,31
ID-0485,41
ID-0486,32
ID-0487,40
ID-0488,NA
ID-0489,8
ID-0490,44
ID-0491,34
ID-0492,44
ID-0493,43
ID-0494,39
ID-0495,44
ID-0496,38
ID-0497,22
ID-0498,50
ID-0499,40
ID-0500,NA
ID-0501,37
ID-0502,30
ID-0503,42
ID-0504,39
ID-0505,NA
ID-0506,43
ID-0507,44
ID-0508,59
ID-0509,27
ID-0510,30
ID-0511,45
ID-0512,54
ID-0513,45
ID-0514,20
ID-0515,45
ID-0516,28
ID-0517,NA
ID-0518,35
ID-0519,58
ID-0520,43
ID-0521,46
ID-0522,39
ID-0523,15
ID-0524,NA
ID-0526,29
ID-0527,32
ID-0528,50
ID-0529,24
ID-0530,59
ID-0531,57
ID-0532,56
ID-0533,44
ID-0534,48
ID-0535,31
ID-0536,NA
ID-0525,16
ID-0537,50
ID-0538,45
ID-0539,43
ID-0540,25
ID-0541,35
ID-0542,46
ID-0544,50
ID-0545,43
ID-0546,34
ID-0543,32
ID-0547,44
ID-0548,36
ID-0549,45
ID-0550,31
ID-0551,26
ID-0552,38
ID-0553,47
ID-0554,30
ID-0555,49
ID-0556,36
ID-0557,29
ID-0558,19
ID-0559,55
ID-0560,27
ID-0561,24
ID-0562,NA
ID-0563,NA
ID-0564,42
ID-0565,42
ID-0566,40
ID-0567,NA
ID-0568,NA
ID-0569,43
ID-0570,42
ID-0571,19
ID-0572,21
ID-0573,34
ID-0574,50
ID-0575,54
ID-0576,19
ID-0577,36
ID-0578,32
ID-0579,45
ID-0580,28
ID-0581,41
ID-0582,27
ID-0583,37
ID-0584,34
ID-0585,35
ID-0586,20
ID-0587,36
ID-0588,71
ID-0589,48
ID-0590,47
ID-0591,41
ID-0592,58
ID-0593,37
ID-0594,41
ID-0595,45
ID-0596,42
ID-0597,46
ID-0598,NA
ID-0599,30
ID-0600,39
ID-0601,42
ID-0602,75
ID-0603,42
ID-0604,28
ID-0605,45
ID-0606,32
ID-0607,34
ID-0608,32
ID-0609,27
ID-0610,47
ID-0611,59
ID-0612,37
ID-0613,33
ID-0614,46
ID-0615,28
ID-0616,51
ID-0617,46
ID-0618,23
ID-0619,33
ID-0620,33
ID-0621,61
ID-0622,36
ID-0623,36
ID-0624,29
ID-0625,40
ID-0626,47
ID-0627,35
ID-0628,45
ID-0629,46
ID-0630,NA
ID-0631,39
ID-0632,37
ID-0633,31
ID-0634,40
ID-0635,42
ID-0636,55
ID-0637,40
ID-0638,57
ID-0639,43
ID-0640,28
ID-0641,50
ID-0642,51
ID-0643,44
ID-0644,NA
ID-0645,50
ID-0646,35
ID-0647,31
ID-0648,50
ID-0649,30
ID-0650,32
ID-0651,56
ID-0652,34
ID-0653,NA
ID-0654,45
ID-0655,30
ID-0656,31
ID-0658,36
ID-0659,18
ID-0657,45
ID-0660,29
ID-0661,17
ID-0662,17
ID-0663,35
ID-0664,17
ID-0665,17
ID-0666,45
ID-0667,52
ID-0668,18
ID-0669,18
ID-0670,43
ID-0671,18
ID-0672,18
ID-0673,37
ID-0674,19
ID-0675,35
ID-0676,40
ID-0677,18
ID-0678,21
ID-0679,18
ID-0680,18
ID-0681,18
ID-0682,47
ID-0683,18
ID-0684,18
ID-0685,29
ID-0686,18
ID-0687,19
ID-0689,43
ID-0690,NA
ID-0688,NA
ID-0691,47
ID-0692,64
ID-0693,26
ID-0694,50
ID-0695,45
ID-0696,30
ID-0697,30
ID-0698,38
ID-0699,56
ID-0700,35
ID-0701,63
ID-0702,50
ID-0703,47
ID-0704,46
ID-0705,24
ID-0706,42
ID-0707,50
ID-0708,46
ID-0709,37
ID-0710,32
ID-0711,46
ID-0712,37
ID-0713,30
ID-0714,48
ID-0715,44
ID-0716,44
ID-0717,26
ID-0718,35
ID-0719,54
ID-0720,26
ID-0721,44
ID-0722,65
ID-0723,58
ID-0725,58
ID-0726,44
ID-0727,34
ID-0724,62
ID-0728,46
ID-0729,29
ID-0730,33
ID-0731,45
ID-0732,22
ID-0733,39
ID-0734,41
ID-0735,43
ID-0736,29
ID-0737,48
ID-0738,18
ID-0739,45
ID-0740,42
ID-0741,38
ID-0742,69
ID-0743,35
ID-0744,31
ID-0745,42
ID-0746,65
ID-0747,46
ID-0748,NA
ID-0749,36
ID-0750,54
ID-0751,47
ID-0752,30
ID-0753,38
ID-0754,46
ID-0755,47
ID-0756,46
ID-0757,33
ID-0758,42
ID-0759,31
ID-0760,42
ID-0761,33
ID-0762,37
ID-0763,27
ID-0764,30
ID-0765,35
ID-0766,36
ID-0767,71
ID-0768,28
ID-0769,32
ID-0770,38
ID-0771,53
ID-0772,37
ID-0773,NA
ID-0774,NA
ID-0775,27
ID-0776,37
ID-0778,49
ID-0779,67
ID-0780,38
ID-0781,47
ID-0777,39
ID-0782,49
ID-0783,34
ID-0784,37
ID-0785,30
ID-0786,33
ID-0787,35
ID-0788,38
ID-0789,35
ID-0790,49
ID-0791,51
ID-0792,31
ID-0793,53
ID-0794,39
ID-0795,30
ID-0796,NA
ID-0797,22
ID-0798,53
ID-0799,NA
ID-0800,13
ID-0801,43
ID-0802,17
ID-0803,30
ID-0804,35
ID-0805,45
ID-0806,33
ID-0807,40
ID-0808,NA
ID-0809,46
ID-0810,42
ID-0811,56
ID-0812,30
ID-0813,66
ID-0814,66
ID-0815,33
ID-0816,8
ID-0817,39
ID-0818,74
ID-0819,74
ID-0820,30
ID-0821,61
ID-0822,29
ID-0823,37
ID-0824,38
ID-0825,40
ID-0826,30
ID-0827,47
ID-0828,54
ID-0829,35
ID-0830,38
ID-0831,52
ID-0832,31
ID-0833,32
ID-0834,46
ID-0835,22
ID-0836,38
ID-0837,37
ID-0838,46
ID-0839,58
ID-0840,46
ID-0841,50
ID-0842,NA
ID-0843,33
ID-0844,34
ID-0845,28
ID-0846,48
ID-0847,49
ID-0848,47
ID-0849,40
ID-0850,50
ID-0851,34
ID-0852,65
ID-0853,33
ID-0854,36
ID-0855,40
ID-0856,18
ID-0857,43
ID-0858,45
ID-0859,30
ID-0860,43
ID-0861,46
ID-0862,40
ID-0863,28
ID-0864,33
ID-0865,25
ID-0866,NA
ID-0867,13
ID-0868,61
ID-0869,36
ID-0870,39
ID-0871,21
ID-0872,27
ID-0873,49
ID-0874,34
ID-0875,44
ID-0876,51
ID-0877,36
ID-0878,33
ID-0879,43
ID-0880,35
ID-0881,10
ID-0882,54
ID-0883,57
ID-0884,52
ID-0885,52
ID-0886,65
ID-0887,28
ID-0888,36
ID-0889,30
ID-0890,22
ID-0891,32
ID-0892,51
ID-0893,67
ID-0894,50
ID-0895,52
ID-0896,42
ID-0897,44
ID-0898,45
ID-0899,31
ID-0900,45
ID-0901,44
ID-0902,NA
ID-0903,37
ID-0904,NA
ID-0905,24
ID-0906,NA
ID-0907,51
ID-0908,38
ID-0909,40
ID-0910,NA
ID-0911,39
ID-0912,25
ID-0001,35
ID-0002,38
ID-0003,40
ID-0004,NA
ID-0005,26
ID-0006,NA
ID-0007,30
ID-0008,26
ID-0009,45
ID-0010,34
ID-0011,43
ID-0012,62
ID-0013,45
ID-0014,NA
ID-0015,41
ID-0016,49
ID-0017,37
ID-0018,39
ID-0019,32
ID-0020,32
ID-0021,60
ID-0022,45
ID-0023,50
ID-0024,67
ID-0025,44
ID-0026,37
ID-0027,43
ID-0028,56
ID-0029,49
ID-0030,43
ID-0031,56
ID-0032,48
ID-0033,44
ID-0034,46
ID-0035,55
ID-0036,51
ID-0037,18
ID-0038,45
ID-0039,52
ID-0040,29
ID-0041,NA
ID-0042,42
ID-0043,43
ID-0044,25
ID-0045,33
ID-0046,52
ID-0047,16
ID-0048,42
ID-0049,32
ID-0050,40
ID-0051,47
ID-0052,44
ID-0053,52
ID-0054,50
ID-0055,62
ID-0056,58
ID-0057,32
ID-0058,58
ID-0059,66
ID-0060,58
ID-0061,43
ID-0062,44
ID-0063,42
ID-0064,47
ID-0065,20
ID-0066,44
ID-0067,29
ID-0068,43
ID-0069,43
ID-0070,56
ID-0071,42
ID-0072,21
ID-0073,20
ID-0074,43
ID-0075,43
ID-0076,58
ID-0077,37
ID-0078,30
ID-0079,54
ID-0080,21
ID-0081,NA
ID-0082,50
ID-0083,34
ID-0084,36
ID-0085,38
ID-0086,37
ID-0087,NA
ID-0088,36
ID-0089,32
ID-0090,44
ID-0091,55
ID-0092,51
ID-0093,NA
ID-0094,NA
ID-0095,33
ID-0096,46
ID-0097,NA
ID-0098,64
ID-0099,45
ID-0100,64
ID-0101,45
ID-0102,37
ID-0103,29
ID-0104,34
ID-0105,40
ID-0106,42
ID-0107,52
ID-0108,45
ID-0109,47
ID-0110,35
ID-0111,26
ID-0113,42
ID-0114,37
ID-0115,72
ID-0116,38
ID-0117,39
ID-0118,40
ID-0119,28
ID-0120,35
ID-0121,40
ID-0122,40
ID-0123,40
ID-0124,48
ID-0125,28
ID-0126,42
ID-0127,49
ID-0128,45
ID-0129,44
ID-0112,20
ID-0130,38
ID-0131,42
ID-0132,42
ID-0133,52
ID-0134,45
ID-0135,44
ID-0136,45
ID-0137,50
ID-0913,22
ID-0914,23
ID-0915,NA
ID-0916,39
ID-0917,33
ID-0918,22
ID-0919,44
ID-0920,45
ID-0921,50
ID-0922,50
ID-0923,54
ID-0924,NA
ID-0925,40
ID-0926,33
ID-0927,43
ID-0928,47
ID-0929,42
ID-1056,53
ID-1057,30
ID-1058,32
ID-1059,NA
ID-1060,58
ID-1061,40
ID-1062,28
ID-1063,40
ID-1064,36
ID-1065,45
ID-1066,NA
ID-1067,50
ID-1068,56
ID-1069,32
ID-1070,14
ID-1071,38
ID-1072,44
ID-1073,57
ID-1074,60
ID-1075,35
ID-1076,28
ID-1077,58
ID-1078,37
ID-1079,48
ID-1080,51
ID-1081,33
ID-1082,44
ID-1083,30
ID-1084,37
ID-1085,30
ID-1086,42
ID-1087,40
ID-1088,44
ID-1089,45
ID-1090,46
ID-1091,48
ID-1092,43
ID-1093,56
ID-1094,55
ID-1095,46
ID-1096,51
ID-1097,50
ID-1098,49
ID-1099,43
ID-1100,28
ID-1101,35
ID-1102,48
ID-1103,38
ID-1104,39
ID-1105,45
ID-1106,12
ID-1107,30
ID-1108,53
ID-1109,52
ID-1110,37
ID-1111,25
ID-1112,52
ID-1113,45
ID-1114,NA
ID-1115,32
ID-1116,30
ID-1117,44
ID-1118,54
ID-1119,50
ID-1120,38
ID-1121,32
ID-1122,41
ID-1123,50
ID-1124,35
ID-1125,46
ID-1126,46
ID-1127,59
ID-1128,56
ID-1129,65
ID-1130,48
ID-1131,45
ID-1132,9
ID-1133,33
ID-1134,52
ID-1135,40
ID-1136,36
ID-1137,11
ID-1138,37
ID-1139,13
ID-1140,52
ID-1141,9
ID-1142,33
ID-1143,54
ID-1144,32
ID-1145,36
ID-1146,13
ID-1147,68
ID-1148,33
ID-1149,37
ID-1150,29
ID-1151,48
ID-1152,31
ID-1153,46
ID-1154,71
ID-1155,57
ID-1156,40
ID-1157,33
ID-1158,26
ID-1159,9
ID-1160,42
ID-1161,62
ID-1162,30
ID-1163,62
ID-1164,35
ID-1165,NA
ID-1166,54
ID-1167,36
ID-1168,53
ID-1169,26
ID-1170,50
ID-1171,29
ID-1172,27
ID-1173,31
ID-1174,34
ID-1175,35
ID-1176,38
ID-1177,33
ID-1178,58
ID-1179,31
ID-1180,41
ID-1181,35
ID-1182,25
ID-1183,49
ID-1184,31
ID-1185,51
ID-1186,61
ID-1187,30
ID-1188,40
ID-1189,10
ID-1190,51
ID-1191,36
ID-1192,46
ID-1193,55
ID-1194,47
ID-1195,44
ID-1196,42
ID-1197,67
ID-1198,61
ID-1199,30
ID-1200,40
ID-1201,67
ID-1202,50
ID-1203,26
ID-1204,40
ID-1205,41
ID-1206,44
ID-1207,30
ID-1208,36
ID-1209,66
ID-1210,50
ID-1211,44
ID-1212,27
ID-1213,48
ID-1214,46
ID-1215,44
ID-1216,38
ID-1217,36
ID-1218,35
ID-1219,32
ID-1220,27
ID-1221,37
ID-1222,55
ID-1223,37
ID-1224,55
ID-1225,55
ID-1226,37
ID-1227,30
ID-1228,32
ID-1229,26
ID-1230,48
ID-1231,53
ID-1232,28
ID-1233,30
ID-1234,29
ID-1235,40
ID-1236,38
ID-1237,57
ID-1238,NA
ID-1239,48
ID-1240,55
ID-1241,33
ID-1242,57
ID-1243,59
ID-1244,32
ID-1245,40
ID-1246,23
ID-1247,25
ID-1248,NA
ID-1249,41
ID-1250,56
ID-1251,46
ID-1252,40
ID-1253,66
ID-1254,56
ID-1255,40
ID-1256,51
ID-1257,99
ID-1258,45
ID-1259,51
ID-1260,30
ID-1261,45
ID-1262,40
ID-1263,43
ID-1264,39
ID-1265,27
ID-1266,26
ID-1267,34
ID-1268,28
ID-1269,37
ID-1270,26
ID-1271,40
ID-1272,33
ID-1273,45
ID-1274,55
ID-1275,31
ID-1276,40
ID-1277,31
ID-1278,39
ID-1279,39
ID-1280,49
ID-1281,42
ID-1282,59
ID-1283,31
ID-1284,30
ID-1285,39
ID-1286,30
ID-1287,34
ID-0930,52
ID-0931,41
ID-1288,44
ID-1289,42
ID-1290,47
ID-1291,21
ID-1292,32
ID-1293,40
ID-1294,38
ID-1295,42
ID-1296,39
ID-1297,43
ID-1298,50
ID-1299,22
ID-1300,22
ID-1301,38
ID-1302,51
ID-1303,53
ID-1304,43
ID-1305,31
ID-1306,32
ID-1307,16
ID-1308,48
ID-1309,70
ID-1310,46
ID-1311,45
ID-1312,60
ID-1313,10
ID-1314,28
ID-1315,49
ID-1316,9
ID-1317,34
ID-1318,46
ID-1319,11
ID-1320,65
ID-1321,43
ID-1322,39
ID-1323,38
ID-1324,40
ID-1325,47
ID-1326,45
ID-1327,35
ID-1328,44
ID-1329,46
ID-1330,NA
ID-1331,58
ID-1332,57
ID-1333,38
ID-1334,43
ID-1335,30
ID-1336,32
ID-1337,45
ID-1338,42
ID-1339,48
ID-1340,57
ID-1341,39
ID-1342,57
ID-1343,28
ID-1344,50
ID-1345,55
ID-1346,63
ID-1347,35
ID-1348,45
ID-1349,49
ID-0932,31
ID-0933,30
ID-0934,48
ID-0935,19
ID-0936,34
ID-0937,54
ID-0938,31
ID-0939,62
ID-0940,43
ID-0941,65
ID-0942,43
ID-0943,42
ID-0944,67
ID-0945,49
ID-0946,49
ID-0947,58
ID-0948,32
ID-0949,30
ID-0950,53
ID-0951,36
ID-0952,45
ID-0953,23
ID-0954,34
ID-0955,44
ID-0956,34
ID-0957,17
ID-0958,55
ID-0959,25
ID-0960,41
ID-0961,48
ID-0962,40
ID-0963,25
ID-0964,NA
ID-0965,43
ID-0966,32
ID-0967,13
ID-0969,47
ID-0968,35
ID-0970,33
ID-0973,54
ID-0972,54
ID-0971,54
ID-0975,NA
ID-0976,54
ID-0977,67
ID-0974,NA
ID-0978,5
ID-0979,51
ID-0980,43
ID-0981,40
ID-0982,43
ID-0983,38
ID-0984,NA
ID-0986,32
ID-0987,72
ID-0988,44
ID-0985,NA
ID-0989,32
ID-0990,53
ID-0991,26
ID-0992,NA
ID-0993,32
ID-0994,72
ID-0995,35
ID-0996,44
ID-0997,59
ID-0998,37
ID-0999,22
ID-1000,33
ID-1001,37
ID-1002,50
ID-1003,47
ID-1004,54
ID-1005,41
ID-1007,40
ID-1008,44
ID-1009,31
ID-1006,45
ID-1010,41
ID-1011,34
ID-1012,52
ID-1013,54
ID-1014,58
ID-1015,28
ID-1016,28
ID-1017,45
ID-1018,30
ID-1019,69
ID-1020,31
ID-1021,32
ID-1022,30
ID-1023,67
ID-1024,42
ID-1025,44
ID-1026,34
ID-1027,45
ID-1028,44
ID-1029,41
ID-1030,NA
ID-1031,44
ID-1032,37
ID-1033,NA
ID-1034,34
ID-1035,54
ID-1036,34
ID-1037,53
ID-1038,33
ID-1039,64
ID-1040,36
ID-1041,44
ID-1042,35
ID-1043,35
ID-1044,58
ID-1045,44
ID-1046,58
ID-1047,19
ID-1048,39
ID-1049,49
ID-1050,56
ID-1051,NA
ID-1052,NA
ID-1053,40
ID-1054,56
ID-1055,49
ID-1350,44
ID-1351,17
ID-1352,18
ID-1353,NA
ID-1354,NA
ID-1355,7
ID-1356,NA
ID-1357,34
ID-1358,57
ID-1359,39
ID-1436,28
ID-1437,44
ID-1438,44
ID-1439,23
ID-1440,27
ID-1441,48
ID-1442,43
ID-1443,43
ID-1444,26
ID-1445,34
ID-1446,44
ID-1447,34
ID-1448,27
ID-1449,45
ID-1450,35
ID-1451,68
ID-1452,38
ID-1453,32
ID-1454,33
ID-1455,31
ID-1456,47
ID-1458,19
ID-1457,43
ID-1459,33
ID-1460,54
ID-1461,49
ID-1462,45
ID-1463,63
ID-1464,45
ID-1465,40
ID-1466,34
ID-1467,35
ID-1468,35
ID-1470,22
ID-1469,46
ID-1471,30
ID-1472,11
ID-1473,33
ID-1474,36
ID-1475,34
ID-1476,NA
ID-1477,30
ID-1478,33
ID-1479,NA
ID-1480,56
ID-1481,43
ID-1482,67
ID-1483,43
ID-1484,37
ID-1485,49
ID-1486,NA
ID-1487,46
ID-1488,23
ID-1489,44
ID-1490,31
ID-1491,44
ID-1492,41
ID-1493,NA
ID-1494,67
ID-1495,23
ID-1496,39
ID-1497,46
ID-1498,39
ID-1499,41
ID-1500,47
ID-1501,26
ID-1502,NA
ID-1503,58
ID-1504,62
ID-1505,37
ID-1506,NA
ID-1507,25
ID-1508,34
ID-1509,36
ID-1510,35
ID-1511,NA
ID-1512,45
ID-1513,42
ID-1514,57
ID-1515,46
ID-1516,57
ID-1517,38
ID-1518,32
ID-1519,29
ID-1520,42
ID-1521,34
ID-1522,41
ID-1523,39
ID-1524,14
ID-1525,33
ID-1526,60
ID-1527,46
ID-1528,49
ID-1529,27
ID-1530,50
ID-1531,36
ID-1532,51
ID-1533,35
ID-1534,31
ID-1535,47
ID-1536,70
ID-1537,52
ID-1538,62
ID-1539,43
ID-1540,NA
ID-1541,54
ID-1542,37
ID-1543,41
ID-1544,64
ID-1545,31
ID-1546,62
ID-1547,NA
ID-1548,33
ID-1549,36
ID-1550,30
ID-1551,51
ID-1552,37
ID-1553,41
ID-1554,49
ID-1555,20
ID-1556,52
ID-1557,31
ID-1558,NA
ID-1559,44
ID-1560,16
ID-1561,14
ID-1562,35
ID-1563,38
ID-1564,14
ID-1565,NA
ID-1566,NA
ID-1567,NA
ID-1568,NA
ID-1569,NA
ID-1570,57
ID-1571,38
ID-1572,27
ID-1573,36
ID-1574,51
ID-1575,53
ID-1576,46
ID-1577,50
ID-1578,NA
ID-1579,31
ID-1580,14
ID-1581,26
ID-1582,34
ID-1583,24
ID-1584,41
ID-1585,39
ID-1586,38
ID-1587,34
ID-1588,34
ID-1589,34
ID-1590,41
ID-1591,55
ID-1592,47
ID-1593,37
ID-1594,23
ID-1595,46
ID-1596,29
ID-1597,34
ID-1598,35
ID-1599,21
ID-1600,43
ID-1601,56
ID-1360,33
ID-1361,37
ID-1602,36
ID-1603,NA
ID-1604,34
ID-1605,29
ID-1606,34
ID-1607,35
ID-1608,28
ID-1609,56
ID-1610,20
ID-1611,35
ID-1612,62
ID-1613,54
ID-1614,15
ID-1615,45
ID-1616,57
ID-1617,33
ID-1618,44
ID-1619,55
ID-1620,23
ID-1621,31
ID-1622,43
ID-1623,34
ID-1624,36
ID-1625,31
ID-1626,63
ID-1627,31
ID-1628,44
ID-1629,34
ID-1630,46
ID-1631,53
ID-1632,40
ID-1362,NA
ID-1363,32
ID-1364,39
ID-1365,77
ID-1366,52
ID-1367,40
ID-1368,74
ID-1369,41
ID-1370,52
ID-1371,53
ID-1372,30
ID-1373,75
ID-1374,46
ID-1375,49
ID-1376,46
ID-1377,NA
ID-1378,31
ID-1379,56
ID-1380,NA
ID-1381,39
ID-1382,41
ID-1383,27
ID-1384,46
ID-1385,43
ID-1386,NA
ID-1387,41
ID-1388,39
ID-1389,47
ID-1390,50
ID-1391,36
ID-1392,51
ID-1393,27
ID-1394,43
ID-1395,NA
ID-1396,26
ID-1397,46
ID-1398,34
ID-1399,32
ID-1400,55
ID-1401,60
ID-1402,69
ID-1403,70
ID-1404,39
ID-1405,46
ID-1406,35
ID-1407,37
ID-1408,100
ID-1409,30
ID-1410,45
ID-1411,54
ID-1412,44
ID-1413,30
ID-1414,58
ID-1415,42
ID-1416,33
ID-1417,9
ID-1418,61
ID-1419,27
ID-1420,43
ID-1421,38
ID-1422,60
ID-1423,100
ID-1424,40
ID-1425,40
ID-1426,46
ID-1427,40
ID-1428,45
ID-1429,34
ID-1430,48
ID-1431,46
ID-1432,NA
ID-1433,45
ID-1434,45
ID-1435,29
ID-1633,47
ID-1634,40
ID-1635,NA
ID-1636,27
ID-1637,34
ID-1715,51
ID-1716,46
ID-1717,36
ID-1718,35
ID-1719,34
ID-1720,44
ID-1721,48
ID-1722,36
ID-1723,29
ID-1724,NA
ID-1725,33
ID-1726,51
ID-1727,53
ID-1728,37
ID-1729,42
ID-1730,36
ID-1731,29
ID-1732,45
ID-1733,NA
ID-1734,49
ID-1735,35
ID-1736,57
ID-1737,28
ID-1738,47
ID-1739,29
ID-1740,50
ID-1741,53
ID-1742,25
ID-1743,27
ID-1744,41
ID-1745,47
ID-1746,60
ID-1747,33
ID-1748,47
ID-1749,31
ID-1750,52
ID-1751,33
ID-1752,37
ID-1753,54
ID-1754,19
ID-1755,18
ID-1756,34
ID-1757,32
ID-1758,52
ID-1759,41
ID-1760,44
ID-1761,33
ID-1762,38
ID-1763,42
ID-1764,37
ID-1765,27
ID-1766,44
ID-1767,48
ID-1768,50
ID-1769,42
ID-1770,52
ID-1771,50
ID-1772,61
ID-1773,38
ID-1638,44
ID-1774,19
ID-1775,49
ID-1776,24
ID-1777,46
ID-1778,44
ID-1779,38
ID-1780,49
ID-1781,47
ID-1782,35
ID-1783,NA
ID-1784,40
ID-1785,50
ID-1786,37
ID-1787,17
ID-1788,38
ID-1789,16
ID-1790,32
ID-1791,50
ID-1792,63
ID-1793,14
ID-1639,33
ID-1640,55
ID-1641,51
ID-1642,54
ID-1643,51
ID-1644,47
ID-1645,45
ID-1646,20
ID-1647,19
ID-1648,24
ID-1649,NA
ID-1650,20
ID-1651,22
ID-1652,21
ID-1653,14
ID-1654,35
ID-1655,38
ID-1656,27
ID-1657,NA
ID-1658,31
ID-1659,25
ID-1660,39
ID-1661,16
ID-1663,16
ID-1664,13
ID-1665,13
ID-1666,52
ID-1667,45
ID-1662,45
ID-1668,45
ID-1669,45
ID-1670,37
ID-1671,44
ID-1672,51
ID-1673,33
ID-1674,32
ID-1675,28
ID-1676,36
ID-1677,17
ID-1678,16
ID-1679,17
ID-1680,63
ID-1681,15
ID-1682,40
ID-1683,31
ID-1684,58
ID-1685,47
ID-1686,19
ID-1687,20
ID-1688,35
ID-1689,23
ID-1690,NA
ID-1691,38
ID-1692,45
ID-1693,45
ID-1694,45
ID-1695,39
ID-1696,35
ID-1697,27
ID-1698,29
ID-1699,29
ID-1700,25
ID-1701,32
ID-1702,37
ID-1703,45
ID-1704,NA
ID-1705,33
ID-1706,48
ID-1707,47
ID-1708,48
ID-1709,24
ID-1710,43
ID-1711,48
ID-1712,45
ID-1713,20
ID-1714,32
ID-1794,41
ID-1795,35
ID-1808,20
ID-1809,115
ID-1810,48
ID-1811,27
ID-1812,48
ID-1813,48
ID-1814,13
ID-1815,13
ID-1816,40
ID-1817,24
ID-1818,26
ID-1819,24
ID-1820,57
ID-1821,32
ID-1822,21
ID-1823,NA
ID-1824,22
ID-1825,54
ID-1826,26
ID-1827,45
ID-1828,55
ID-1829,27
ID-1830,60
ID-1831,33
ID-1832,45
ID-1833,46
ID-1834,29
ID-1835,70
ID-1836,39
ID-1837,53
ID-1838,49
ID-1839,17
ID-1840,40
ID-1841,46
ID-1842,39
ID-1843,46
ID-1844,39
ID-1845,42
ID-1846,NA
ID-1847,70
ID-1848,49
ID-1849,26
ID-1850,42
ID-1851,50
ID-1852,42
ID-1853,37
ID-1854,38
ID-1855,24
ID-1856,47
ID-1857,NA
ID-1858,NA
ID-1796,52
ID-1859,45
ID-1860,16
ID-1861,35
ID-1862,45
ID-1863,45
ID-1864,46
ID-1865,51
ID-1866,47
ID-1867,47
ID-1868,32
ID-1869,40
ID-1870,43
ID-1871,37
ID-1872,26
ID-1873,54
ID-1874,54
ID-1875,22
ID-1876,29
ID-1877,34
ID-1878,38
ID-1879,32
ID-1880,32
ID-1881,61
ID-1797,45
ID-1798,39
ID-1799,30
ID-1800,40
ID-1801,45
ID-1802,42
ID-1803,33
ID-1804,27
ID-1805,43
ID-1806,44
ID-1807,40
ID-1886,NA
ID-1887,42
ID-1888,45
ID-1889,37
ID-1890,50
ID-1891,45
ID-1892,24
ID-1893,37
ID-1894,45
ID-1895,30
ID-1896,43
ID-1897,59
ID-1898,46
ID-1899,40
ID-1900,32
ID-1901,46
ID-1902,32
ID-1903,29
ID-1904,39
ID-1905,40
ID-1906,30
ID-1907,35
ID-1908,35
ID-1909,14
ID-1910,43
ID-1911,31
ID-1912,31
ID-1913,55
ID-1914,28
ID-1915,24
ID-1916,29
ID-1917,51
ID-1918,29
ID-1919,34
ID-1920,36
ID-1921,33
ID-1922,24
ID-1923,34
ID-1924,33
ID-1925,25
ID-1926,36
ID-1927,34
ID-1928,34
ID-1929,22
ID-1930,30
ID-1931,34
ID-1932,24
ID-1933,41
ID-1934,35
ID-1935,33
ID-1936,24
ID-1937,27
ID-1938,33
ID-1939,27
ID-1940,38
ID-1941,47
ID-1942,35
ID-1943,35
ID-1944,33
ID-1945,52
ID-1946,27
ID-1947,31
ID-1948,11
ID-1949,23
ID-1950,29
ID-1951,26
ID-1952,28
ID-1953,58
ID-1954,56
ID-1955,25
ID-1956,NA
ID-1957,19
ID-1958,31
ID-1959,29
ID-1960,37
ID-1961,35
ID-1962,56
ID-1963,20
ID-1964,31
ID-1965,NA
ID-1966,24
ID-1967,36
ID-1968,27
ID-1969,30
ID-1970,22
ID-1971,30
ID-1972,25
ID-1973,23
ID-1974,45
ID-1975,20
ID-1976,28
ID-1977,24
ID-1978,NA
ID-1979,35
ID-1980,29
ID-1981,29
ID-1982,17
ID-1983,33
ID-1984,42
ID-1985,45
ID-1986,45
ID-1987,35
ID-1988,30
ID-1989,32
ID-1990,25
ID-1991,28
ID-1992,35
ID-1993,47
ID-1994,25
ID-1995,29
ID-1996,23
ID-1997,21
ID-1998,50
ID-1999,28
ID-2000,29
ID-2001,34
ID-2002,31
ID-2003,24
ID-2004,23
ID-2005,45
ID-2006,21
ID-2007,37
ID-2008,42
ID-2009,32
ID-2010,27
ID-2011,31
ID-2012,32
ID-2013,34
ID-2014,43
ID-2015,30
ID-2016,26
ID-2017,33
ID-2018,39
ID-2019,54
ID-2020,35
ID-2021,25
ID-2022,25
ID-2023,56
ID-2024,20
ID-2025,25
ID-2026,26
ID-2027,35
ID-2028,27
ID-2029,62
ID-2030,33
ID-2031,31
ID-2032,37
ID-2033,30
ID-2034,26
ID-2035,24
ID-2036,23
ID-2037,30
ID-2038,29
ID-2039,24
ID-2040,50
ID-2041,32
ID-2042,27
ID-2043,33
ID-2044,65
ID-2045,22
ID-2046,37
ID-2047,48
ID-2048,22
ID-2049,38
ID-2050,21
ID-2051,32
ID-2052,43
ID-2053,27
ID-2054,34
ID-2055,26
ID-2056,34
ID-2057,NA
ID-2058,37
ID-2059,29
ID-2060,56
ID-2061,54
ID-2062,19
ID-2063,53
ID-2064,55
ID-2065,33
ID-2066,42
ID-2067,30
ID-2068,19
ID-2069,29
ID-2070,58
ID-2071,23
ID-2072,35
ID-2073,21
ID-2074,27
ID-2075,31
ID-2076,25
ID-2077,NA
ID-2078,23
ID-2079,26
ID-2080,26
ID-2081,45
ID-2082,16
ID-2083,33
ID-2084,33
ID-2085,30
ID-2086,28
ID-2087,NA
ID-2088,23
ID-2089,41
ID-2090,27
ID-2091,23
ID-2092,24
ID-2093,NA
ID-2094,48
ID-2095,30
ID-2096,52
ID-2097,26
ID-2098,41
ID-2099,42
ID-2100,32
ID-2101,19
ID-2102,30
ID-2103,30
ID-2104,NA
ID-2105,32
ID-2106,25
ID-2107,27
ID-2108,33
ID-2109,29
ID-2110,31
ID-2111,36
ID-2112,22
ID-2113,40
ID-2114,NA
ID-2115,31
ID-2116,33
ID-2117,36
ID-2118,30
ID-2119,23
ID-2120,45
ID-2121,30
ID-2122,45
ID-2123,38
ID-2124,32
ID-2125,33
ID-2126,36
ID-2127,28
ID-2128,NA
ID-2129,37
ID-2130,34
ID-2131,28
ID-2132,27
ID-2133,41
ID-2134,24
ID-2135,23
ID-2136,32
ID-2137,31
ID-2138,26
ID-2139,NA
ID-2140,42
ID-2141,29
ID-2142,16
ID-2143,39
ID-2144,28
ID-2145,27
ID-2146,26
ID-2147,30
ID-2148,39
ID-2149,52
ID-2150,33
ID-2151,29
ID-2152,23
ID-2153,25
ID-2154,26
ID-2155,38
ID-2156,50
ID-2157,19
ID-2158,34
ID-2159,52
ID-2160,34
ID-2161,45
ID-2162,18
ID-2163,30
ID-2164,26
ID-2165,25
ID-2166,25
ID-2167,29
ID-2168,35
ID-2169,28
ID-2170,19
ID-2171,34
ID-2172,31
ID-2173,6
ID-2174,34
ID-2175,29
ID-2176,34
ID-2177,45
ID-2178,NA
ID-2179,NA
ID-2180,25
ID-2181,45
ID-2182,36
ID-2183,27
ID-2184,35
ID-2185,30
ID-2186,39
ID-2187,29
ID-2188,31
ID-2189,30
ID-2190,28
ID-2191,23
ID-2192,48
ID-2193,33
ID-2194,28
ID-2195,20
ID-2196,36
ID-2197,48
ID-2198,32
ID-2199,23
ID-2200,44
ID-2201,31
ID-2202,NA
ID-2203,29
ID-2204,24
ID-2205,19
ID-2206,28
ID-2207,41
ID-2208,31
ID-2209,35
ID-2210,41
ID-2211,37
ID-2212,39
ID-2213,20
ID-2214,55
ID-2215,33
ID-2216,27
ID-2217,27
ID-2218,31
ID-2219,24
ID-2220,31
ID-2221,40
ID-2222,51
ID-2223,36
ID-2224,23
ID-2225,29
ID-2226,52
ID-2227,27
ID-2228,30
ID-2229,44
ID-2230,24
ID-2231,26
ID-2232,22
ID-2233,27
ID-2234,30
ID-2235,24
ID-2236,63
ID-2237,20
ID-2238,NA
ID-2239,26
ID-2240,24
ID-2241,34
ID-2242,21
ID-2243,41
ID-2244,33
ID-2245,50
ID-2246,53
ID-2247,47
ID-2248,42
ID-2249,40
ID-2250,24
ID-2251,41
ID-2252,35
ID-2254,23
ID-2255,30
ID-2256,40
ID-2253,30
ID-2257,43
ID-2258,29
ID-2259,35
ID-2260,30
ID-2261,31
ID-2262,40
ID-2263,34
ID-2264,27
ID-2265,31
ID-2266,36
ID-2267,15
ID-2268,43
ID-2269,41
ID-2270,30
ID-2271,24
ID-2272,20
ID-2273,NA
ID-2274,24
ID-2275,29
ID-2276,50
ID-2277,35
ID-2278,38
ID-2279,30
ID-2280,22
ID-2281,31
ID-2282,26
ID-2283,21
ID-2284,36
ID-2285,24
ID-2286,50
ID-2287,23
ID-2288,28
ID-2289,41
ID-2290,27
ID-2291,52
ID-2292,19
ID-2293,42
ID-2294,29
ID-2295,23
ID-2296,21
ID-2297,27
ID-2298,22
ID-2299,23
ID-2300,38
ID-2301,23
ID-2302,29
ID-2303,30
ID-2304,27
ID-2305,26
ID-2306,26
ID-2307,21
ID-2308,31
ID-2309,46
ID-2310,20
ID-2311,25
ID-2312,55
ID-2313,32
ID-2314,35
ID-2315,55
ID-2316,24
ID-2317,33
ID-2318,39
ID-2319,26
ID-2321,47
ID-2322,35
ID-2323,34
ID-2320,35
ID-2324,29
ID-2325,35
ID-2326,48
ID-2327,21
ID-2328,26
ID-2329,26
ID-2330,52
ID-2331,28
ID-2332,28
ID-2333,23
ID-2334,33
ID-2335,26
ID-2336,40
ID-2337,46
ID-2338,26
ID-2339,60
ID-2340,50
ID-2341,51
ID-2342,24
ID-2343,27
ID-2344,57
ID-2345,13
ID-2346,23
ID-2347,26
ID-2348,22
ID-2349,34
ID-2350,29
ID-2351,33
ID-2352,35
ID-2353,34
ID-2354,30
ID-2355,70
ID-2356,49
ID-2357,27
ID-2358,27
ID-2359,38
ID-2361,59
ID-2362,40
ID-2363,51
ID-2364,25
ID-2365,14
ID-2366,6
ID-2367,28
ID-2360,32
ID-2368,24
ID-2369,34
ID-2370,22
ID-2371,35
ID-2372,35
ID-2373,44
ID-2374,24
ID-2375,28
ID-2376,42
ID-2377,35
ID-2378,32
ID-2379,25
ID-2380,18
ID-2381,34
ID-2382,37
ID-2383,16
ID-2384,65
ID-2385,41
ID-2386,28
ID-2387,51
ID-2388,41
ID-2389,NA
ID-2390,44
ID-2391,29
ID-2392,39
ID-2393,42
ID-2394,33
ID-2395,NA
ID-2396,19
ID-2397,21
ID-2398,19
ID-2399,NA
ID-2400,NA
ID-2401,33
ID-2402,40
ID-2403,28
ID-2404,29
ID-2405,53
ID-2406,50
ID-2407,43
ID-2408,34
ID-2409,31
ID-2410,29
ID-2411,34
ID-2412,36
ID-2413,43
ID-2414,20
ID-2415,26
ID-2416,31
ID-2417,30
ID-2418,NA
ID-2419,37
ID-2420,12
ID-2421,38
ID-2422,29
ID-2423,75
ID-2424,29
ID-2425,35
ID-2426,11
ID-2427,18
ID-2428,50
ID-2429,22
ID-2430,26
ID-2431,13
ID-2432,49
ID-2433,25
ID-2434,29
ID-2435,29
ID-2436,35
ID-2437,23
ID-2438,41
ID-2439,50
ID-2440,NA
ID-2441,29
ID-2442,28
ID-2443,31
ID-2446,32
ID-2444,37
ID-2445,31
ID-2447,24
ID-2448,31
ID-2449,33
ID-2450,23
ID-2451,25
ID-2452,26
ID-2453,40
ID-2454,34
ID-2455,32
ID-2456,35
ID-2457,24
ID-2458,30
ID-2459,28
ID-2460,22
ID-2461,48
ID-2464,34
ID-2463,53
ID-2465,24
ID-2466,26
ID-2467,30
ID-2468,34
ID-2469,19
ID-2470,31
ID-2471,NA
ID-2472,39
ID-2473,NA
ID-2474,58
ID-2475,45
ID-2476,63
ID-2477,30
ID-2478,22
ID-2479,NA
ID-2480,33
ID-2481,42
ID-2482,23
ID-2483,38
ID-2462,45
ID-2484,27
ID-2485,31
ID-2486,35
ID-2487,64
ID-2488,32
ID-2489,48
ID-2490,23
ID-2491,34
ID-2492,23
ID-2493,24
ID-2494,26
ID-2495,44
ID-2496,69
ID-2497,22
ID-2498,NA
ID-2500,49
ID-2501,NA
ID-2502,34
ID-2503,13
ID-2505,34
ID-2504,52
ID-2506,42
ID-2507,28
ID-2508,NA
ID-2509,40
ID-2510,21
ID-2499,36
ID-2511,35
ID-2512,27
ID-2513,24
ID-2514,33
ID-2515,53
ID-2516,48
ID-2517,55
ID-2518,31
ID-2519,42
ID-2520,NA
ID-2521,30
ID-2522,40
ID-2523,37
ID-2524,42
ID-2525,30
ID-2526,52
ID-2527,41
ID-2528,11
ID-2529,33
ID-2530,45
ID-2531,35
ID-2532,33
ID-2533,50
ID-2534,36
ID-2535,62
ID-2536,36
ID-2537,34
ID-2538,NA
ID-2539,31
ID-2540,35
ID-2541,27
ID-2542,24
ID-2543,34
ID-2544,30
ID-2545,66
ID-2546,35
ID-2547,24
ID-2548,28
ID-2549,25
ID-2550,35
ID-2551,24
ID-2552,33
ID-2553,40
ID-2554,22
ID-2555,40
ID-2556,58
ID-2557,35
ID-2558,45
ID-2559,53
ID-2560,30
ID-2561,35
ID-2562,29
ID-2563,32
ID-2564,28
ID-2565,40
ID-2566,32
ID-2567,38
ID-2568,27
ID-2569,30
ID-2570,22
ID-2571,28
ID-2572,48
ID-2573,57
ID-2574,35
ID-2575,44
ID-2576,24
ID-2577,37
ID-2578,28
ID-2579,28
ID-2580,25
ID-2581,27
ID-2582,NA
ID-2583,34
ID-2584,NA
ID-2585,42
ID-2586,48
ID-2587,22
ID-2588,45
ID-2589,41
ID-2590,32
ID-2591,30
ID-2592,44
ID-2593,43
ID-2594,45
ID-2595,32
ID-2596,35
ID-2597,31
ID-2598,42
ID-2599,41
ID-2600,23
ID-2601,33
ID-2602,37
ID-2603,37
ID-2604,30
ID-2605,26
ID-2606,34
ID-2607,53
ID-2609,57
ID-2608,51
ID-2610,NA
ID-2611,42
ID-2612,46
ID-2613,17
ID-2614,29
ID-2615,NA
ID-2616,35
ID-2617,45
ID-2618,25
ID-2619,36
ID-2620,27
ID-2621,27
ID-2622,28
ID-2623,41
ID-2624,45
ID-2625,40
ID-2626,29
ID-2627,20
ID-2628,24
ID-2629,38
ID-2630,45
ID-2631,16
ID-2632,31
ID-2633,41
ID-2634,30
ID-2635,36
ID-2636,36
ID-2637,27
ID-2638,28
ID-2639,31
ID-2640,100
ID-2641,53
ID-2642,45
ID-2643,26
ID-2644,30
ID-2645,45
ID-2646,29
ID-2647,40
ID-2648,32
ID-2649,47
ID-2650,34
ID-2651,42
ID-2652,45
ID-2653,27
ID-2654,45
ID-2655,29
ID-2656,38
ID-2657,34
ID-2658,32
ID-2659,37
ID-2660,25
ID-2661,33
ID-2662,25
ID-2663,35
ID-2664,26
ID-2665,49
ID-2666,38
ID-2667,32
ID-2668,25
ID-2669,55
ID-2670,31
ID-2671,39
ID-2672,39
ID-2673,36
ID-2674,26
ID-2675,48
ID-2676,21
ID-2677,28
ID-2678,35
ID-2679,34
ID-2680,21
ID-2681,42
ID-2682,49
ID-2683,45
ID-2684,27
ID-2685,NA
ID-2686,34
ID-2688,52
ID-2689,34
ID-2690,39
ID-2691,48
ID-2692,22
ID-2693,24
ID-2694,38
ID-2695,37
ID-2696,29
ID-2697,35
ID-2698,37
ID-2699,29
ID-2700,35
ID-2701,51
ID-2702,35
ID-2703,46
ID-2704,55
ID-2705,43
ID-2706,40
ID-2707,29
ID-2708,29
ID-2709,32
ID-2710,28
ID-2711,28
ID-2712,17
ID-2713,32
ID-2714,31
ID-2715,29
ID-2716,33
ID-2717,NA
ID-2718,39
ID-2719,50
ID-2720,43
ID-2721,37
ID-2687,30
ID-2723,48
ID-2724,34
ID-2725,25
ID-2726,36
ID-2727,25
ID-2728,39
ID-2729,39
ID-2730,52
ID-2731,45
ID-2732,21
ID-2733,29
ID-2734,34
ID-2735,24
ID-2736,41
ID-2722,31
ID-2737,47
ID-2738,28
ID-2739,59
ID-2740,39
ID-2741,31
ID-2742,44
ID-2743,45
ID-2744,32
ID-2745,37
ID-2746,35
ID-2747,39
ID-2748,38
ID-2749,32
ID-2750,32
ID-2751,NA
ID-2752,36
ID-2754,46
ID-2755,25
ID-2756,52
ID-2757,23
ID-2758,39
ID-2759,25
ID-2760,35
ID-2761,25
ID-2762,52
ID-2763,49
ID-2764,30
ID-2765,44
ID-2766,26
ID-2767,54
ID-2768,31
ID-2769,42
ID-2770,60
ID-2771,59
ID-2772,36
ID-2773,32
ID-2774,44
ID-2775,63
ID-2776,25
ID-2777,38
ID-2778,24
ID-2779,41
ID-2780,31
ID-2781,28
ID-2782,46
ID-2783,45
ID-2784,43
ID-2785,47
ID-2786,46
ID-2787,29
ID-2788,NA
ID-2789,35
ID-2790,41
ID-2791,30
ID-2792,37
ID-2793,17
ID-2794,32
ID-2795,38
ID-2796,35
ID-2797,37
ID-2798,20
ID-2799,27
ID-2753,47
ID-2800,38
ID-2801,65
ID-2802,40
ID-2803,35
ID-2804,29
ID-2805,63
ID-2806,54
ID-2807,31
ID-2808,23
ID-2809,23
ID-2810,34
ID-2811,29
ID-2812,35
ID-2813,34
ID-2814,34
ID-2815,21
ID-2816,36
ID-2817,30
ID-2818,NA
ID-2819,46
ID-2820,36
ID-2821,41
ID-2822,24
ID-2823,NA
ID-2824,43
ID-2825,36
ID-2826,38
ID-2827,34
ID-2828,26
ID-2829,30
ID-2830,30
ID-2831,26
ID-2832,36
ID-2833,30
ID-2834,NA
ID-2835,27
ID-2836,17
ID-2837,33
ID-2838,52
ID-2839,NA
ID-2840,26
ID-2841,36
ID-2842,9
ID-2843,37
ID-2844,37
ID-2845,33
ID-2846,35
ID-2848,27
ID-2849,53
ID-2850,30
ID-2851,30
ID-2852,24
ID-2853,46
ID-2854,50
ID-2855,33
ID-2856,39
ID-2857,NA
ID-2858,40
ID-2859,29
ID-2860,28
ID-2861,40
ID-2862,44
ID-2863,NA
ID-2864,27
ID-2865,26
ID-2866,53
ID-2847,35
ID-2867,27
ID-2868,35
ID-2869,39
ID-2870,28
ID-2871,39
ID-2872,34
ID-2873,27
ID-2874,52
ID-2875,40
ID-2876,42
ID-2877,41
ID-2878,26
ID-2879,40
ID-2880,45
ID-2881,39
ID-2882,34
ID-2883,NA
ID-2884,34
ID-2885,47
ID-2886,41
ID-2887,38
ID-2888,37
ID-2889,37
ID-2890,40
ID-2891,48
ID-2892,NA
ID-2893,38
ID-2894,45
ID-2895,39
ID-2896,31
ID-2897,57
ID-2898,NA
ID-2899,32
ID-2900,33
ID-2901,31
ID-2902,26
ID-2903,37
ID-2904,44
ID-2905,28
ID-2906,NA
ID-2907,24
ID-2908,35
ID-2909,44
ID-2910,52
ID-2911,27
ID-2912,45
ID-2913,55
ID-2914,48
ID-2915,38
ID-2916,51
ID-2917,27
ID-2918,38
ID-2919,37
ID-2920,42
ID-2921,30
ID-2922,30
ID-2923,35
ID-2924,45
ID-2925,48
ID-2926,38
ID-2927,38
ID-2928,35
ID-2929,33
ID-2930,61
ID-2931,21
ID-2932,47
ID-2933,20
ID-2934,43
ID-2935,28
ID-2936,57
ID-2937,48
ID-2938,50
ID-2939,22
ID-2940,30
ID-2941,24
ID-2942,57
ID-2943,37
ID-2944,24
ID-2945,NA
ID-2946,32
ID-2947,50
ID-2948,11
ID-2949,25
ID-2950,37
ID-2951,NA
ID-2952,28
ID-2953,50
ID-2954,56
ID-2955,40
ID-2956,48
ID-2957,24
ID-2958,28
ID-2959,31
ID-2960,30
ID-2961,26
ID-2962,30
ID-2963,42
ID-2964,35
ID-2965,50
ID-2966,43
ID-2967,47
ID-2968,50
ID-2969,42
ID-2970,27
ID-2971,NA
ID-2972,26
ID-2973,38
ID-2974,57
ID-2975,48
ID-2976,39
ID-2977,38
ID-2978,40
ID-2979,31
ID-2980,43
ID-2981,47
ID-2982,40
ID-2983,9
ID-2984,51
ID-2985,31
ID-2986,35
ID-2987,32
ID-2988,40
ID-2989,26
ID-2990,28
ID-2991,24
ID-2992,27
ID-2993,46
ID-2994,29
ID-2995,46
ID-2996,34
ID-2997,47
ID-2998,46
ID-2999,32
ID-3000,30
ID-3002,26
ID-3003,27
ID-3004,32
ID-3005,14
ID-3006,36
ID-3007,24
ID-3008,34
ID-3009,66
ID-3010,12
ID-3011,54
ID-3012,62
ID-3013,42
ID-3014,27
ID-3015,36
ID-3016,23
ID-3017,33
ID-3018,NA
ID-3019,41
ID-3020,34
ID-3001,44
ID-3021,45
ID-3022,22
ID-3023,36
ID-3024,30
ID-3025,32
ID-3026,31
ID-3027,25
ID-3028,NA
ID-3029,62
ID-3030,18
ID-3031,35
ID-3032,28
ID-3033,21
ID-3034,18
ID-3035,50
ID-3036,30
ID-3037,45
ID-3038,40
ID-3039,NA
ID-3040,NA
ID-3041,41
ID-3042,29
ID-3043,44
ID-3044,41
ID-3045,50
ID-3046,20
ID-3047,25
ID-3048,40
ID-3049,23
ID-3050,26
ID-3051,49
ID-3052,33
ID-3053,36
ID-3054,21
ID-3055,32
ID-3056,49
ID-3057,53
ID-3058,12
ID-3059,45
ID-3060,29
ID-3061,33
ID-3062,32
ID-3063,37
ID-3064,46
ID-3065,45
ID-3066,59
ID-3067,46
ID-3068,28
ID-3069,22
ID-3070,30
ID-3071,33
ID-3072,32
ID-3073,25
ID-3074,37
ID-3075,30
ID-3076,69
ID-3077,41
ID-3078,44
ID-3079,61
ID-3080,22
ID-3081,37
ID-3082,41
ID-3083,22
ID-3084,56
ID-3085,30
ID-3086,30
ID-3087,24
ID-3088,31
ID-3089,48
ID-3090,26
ID-3091,12
ID-3092,48
ID-3093,36
ID-3094,32
ID-3095,30
ID-3096,35
ID-3097,44
ID-3098,28
ID-3099,38
ID-3100,36
ID-3101,37
ID-3102,30
ID-3104,32
ID-3105,25
ID-3106,24
ID-3107,25
ID-3103,33
ID-3108,30
ID-3109,61
ID-3110,20
ID-3111,67
ID-3112,43
ID-3113,66
ID-3114,NA
ID-3115,NA
ID-3116,19
ID-3117,NA
ID-3118,35
ID-3119,31
ID-3120,40
ID-3121,43
ID-3122,54
ID-3123,58
ID-3124,28
ID-3125,NA
ID-3126,31
ID-3127,NA
ID-3128,21
ID-3129,39
ID-3130,54
ID-3131,44
ID-3132,15
ID-3133,49
ID-3134,32
ID-3136,37
ID-3137,31
ID-3138,42
ID-3139,30
ID-3140,43
ID-3141,35
ID-3142,29
ID-3143,38
ID-3144,41
ID-3145,26
ID-3146,28
ID-3147,39
ID-3148,32
ID-3149,47
ID-3150,24
ID-3151,29
ID-3152,53
ID-3153,37
ID-3135,43
ID-3154,35
ID-3156,29
ID-3157,30
ID-3158,44
ID-3159,37
ID-3160,30
ID-3161,48
ID-3162,46
ID-3163,35
ID-3165,32
ID-3166,43
ID-3167,29
ID-3168,47
ID-3169,NA
ID-3170,32
ID-3171,56
ID-3172,29
ID-3173,NA
ID-3174,27
ID-3175,19
ID-3176,30
ID-3177,47
ID-3178,32
ID-3179,50
ID-3180,39
ID-3181,39
ID-3182,22
ID-3183,30
ID-3184,37
ID-3185,25
ID-3186,51
ID-3187,45
ID-3188,40
ID-3189,19
ID-3190,44
ID-3191,24
ID-3192,36
ID-3193,22
ID-3194,43
ID-3196,35
ID-3197,18
ID-3198,31
ID-3164,31
ID-3199,31
ID-3200,30
ID-3201,30
ID-3202,37
ID-3203,23
ID-3204,52
ID-3205,28
ID-3206,29
ID-3207,46
ID-3208,31
ID-3209,35
ID-3210,34
ID-3211,25
ID-3212,32
ID-3213,22
ID-3214,71
ID-3215,34
ID-3216,57
ID-3217,23
ID-3218,58
ID-3219,45
ID-3220,40
ID-3221,58
ID-3223,58
ID-3224,38
ID-3155,43
ID-3225,32
ID-3226,46
ID-3227,38
ID-3228,29
ID-3229,30
ID-3230,17
ID-3231,30
ID-3232,30
ID-3233,30
ID-3234,36
ID-3235,58
ID-3236,NA
ID-3237,41
ID-3238,38
ID-3239,53
ID-3240,31
ID-3195,35
ID-3241,24
ID-3242,35
ID-3243,37
ID-3244,45
ID-3245,24
ID-3246,33
ID-3247,21
ID-3248,39
ID-3249,34
ID-3222,29
ID-3250,52
ID-3251,47
ID-3252,21
ID-3253,57
ID-3254,28
ID-3255,20
ID-3256,42
ID-3257,28
ID-3258,38
ID-3259,27
ID-3260,NA
ID-3261,36
ID-3262,45
ID-3263,27
ID-3264,21
ID-3265,24
ID-3267,NA
ID-3268,31
ID-3269,29
ID-3270,27
ID-3271,32
ID-3272,62
ID-3273,27
ID-3274,NA
ID-3275,34
ID-3276,38
ID-3277,43
ID-3278,24
ID-3279,28
ID-3280,40
ID-3281,21
ID-3282,32
ID-3283,54
ID-3284,NA
ID-3285,29
ID-3286,28
ID-3287,55
ID-3288,26
ID-3289,33
ID-3290,34
ID-3291,27
ID-3292,53
ID-3293,32
ID-3294,37
ID-3295,29
ID-3296,42
ID-3297,32
ID-3298,36
ID-3299,29
ID-3300,57
ID-3301,41
ID-3302,27
ID-3303,38
ID-3304,69
ID-3305,35
ID-3306,45
ID-3307,32
ID-3308,31
ID-3309,33
ID-3310,44
ID-3311,26
ID-3312,33
ID-3313,38
ID-3315,59
ID-3316,33
ID-3317,11
ID-3318,17
ID-3319,24
ID-3320,67
ID-3321,55
ID-3322,32
ID-3266,59
ID-3323,29
ID-3324,46
ID-3325,18
ID-3326,40
ID-3327,35
ID-3328,37
ID-3329,38
ID-3330,49
ID-3331,35
ID-3332,36
ID-3333,44
ID-3334,30
ID-3335,NA
ID-3336,18
ID-3337,35
ID-3339,46
ID-3340,41
ID-3341,32
ID-3342,18
ID-3343,46
ID-3344,NA
ID-3345,49
ID-3346,32
ID-3347,29
ID-3338,35
ID-3348,35
ID-3349,29
ID-3350,33
ID-3351,28
ID-3352,NA
ID-3353,33
ID-3354,43
ID-3355,24
ID-3357,56
ID-3358,33
ID-3359,40
ID-3360,49
ID-3361,25
ID-3362,NA
ID-3363,62
ID-3364,25
ID-3365,33
ID-3366,14
ID-3367,34
ID-3368,55
ID-3369,44
ID-3370,41
ID-3371,31
ID-3372,34
ID-3373,34
ID-3374,67
ID-3375,29
ID-3376,27
ID-3377,22
ID-3378,27
ID-3379,NA
ID-3380,39
ID-3381,44
ID-3382,25
ID-3383,40
ID-3384,31
ID-3385,37
ID-3386,33
ID-3387,28
ID-3388,27
ID-3389,33
ID-3390,NA
ID-3391,40
ID-3314,40
ID-3356,44
ID-3392,33
ID-3394,69
ID-3395,27
ID-3396,NA
ID-3397,28
ID-3398,18
ID-3400,26
ID-3401,43
ID-3402,37
ID-3403,50
ID-3399,36
ID-3404,45
ID-3405,33
ID-3406,38
ID-3407,38
ID-3408,30
ID-3409,23
ID-3410,24
ID-3411,34
ID-3412,35
ID-3413,32
ID-3414,14
ID-3415,50
ID-3416,41
ID-3417,31
ID-3418,27
ID-3419,33
ID-3420,31
ID-3421,35
ID-3422,31
ID-3423,28
ID-3425,43
ID-3426,32
ID-3427,22
ID-3428,32
ID-3429,39
ID-3430,22
ID-3431,31
ID-3432,25
ID-3424,28
ID-3433,27
ID-3393,54
ID-3434,21
ID-3435,65
ID-3436,NA
ID-3437,35
ID-3438,44
ID-3439,25
ID-3440,31
ID-3441,18
ID-3442,NA
ID-3443,30
ID-3444,34
ID-3445,NA
ID-3446,37
ID-3447,45
ID-3448,39
ID-3449,32
ID-3450,36
ID-3451,34
ID-3452,39
ID-3453,38
ID-3454,57
ID-3455,24
ID-3456,24
ID-3457,63
ID-3458,27
ID-3459,51
ID-3460,32
ID-3461,20
ID-3462,26
ID-3463,32
ID-3464,26
ID-3465,41
ID-3466,30
ID-3467,36
ID-3468,55
ID-3469,18
ID-3470,37
ID-3471,36
ID-3472,34
ID-3473,22
ID-3474,27
ID-3475,13
ID-3476,31
ID-3477,19
ID-3478,46
ID-3479,34
ID-3480,47
ID-3481,29
ID-3482,45
ID-3483,22
ID-3484,33
ID-3485,67
ID-3486,44
ID-3487,29
ID-3488,43
ID-3489,26
ID-3490,36
ID-3491,28
ID-3493,40
ID-3494,35
ID-3495,26
ID-3496,41
ID-3497,NA
ID-3498,54
ID-3499,25
ID-3492,29
ID-3500,41
ID-3501,21
ID-3502,108
ID-3503,52
ID-3504,35
ID-3505,35
ID-3506,42
ID-3507,42
ID-3508,NA
ID-3509,51
ID-3510,33
ID-3511,26
ID-3512,50
ID-3513,19
ID-3514,33
ID-3515,41
ID-3516,41
ID-3517,38
ID-3518,61
ID-3519,26
ID-3520,35
ID-3521,34
ID-3522,50
ID-3523,25
ID-3524,22
ID-3525,25
ID-3526,99
ID-3527,34
ID-3528,40
ID-3529,41
ID-3530,41
ID-3531,36
ID-3532,25
ID-3533,35
ID-3534,54
ID-3535,50
ID-3536,34
ID-3537,29
ID-3538,NA
ID-3539,33
ID-3540,34
ID-3541,36
ID-3542,21
ID-3543,38
ID-3544,32
ID-3545,24
ID-3546,36
ID-3547,34
ID-3548,32
ID-3549,25
ID-3550,42
ID-3551,59
ID-3552,41
ID-3553,21
ID-3554,31
ID-3555,41
ID-3556,36
ID-3557,26
ID-3558,40
ID-3559,28
ID-3560,28
ID-3561,27
ID-3562,26
ID-3563,47
ID-3564,37
ID-3565,38
ID-3566,34
ID-3567,47
ID-3568,28
ID-3569,NA
ID-3570,39
ID-3571,25
ID-3572,27
ID-3573,32
ID-3574,31
ID-3575,NA
ID-3576,26
ID-3578,24
ID-3579,29
ID-3580,53
ID-3581,34
ID-3582,23
ID-3583,45
ID-3584,35
ID-3586,25
ID-3587,32
ID-3588,32
ID-3589,20
ID-3590,29
ID-3591,20
ID-3577,35
ID-3592,26
ID-3593,25
ID-3594,21
ID-3595,NA
ID-3596,53
ID-3597,34
ID-3598,60
ID-3585,37
ID-3599,41
ID-3600,33
ID-3601,37
ID-3602,NA
ID-3603,45
ID-3604,43
ID-3605,34
ID-3606,23
ID-3607,46
ID-3608,33
ID-3609,27
ID-3610,29
ID-3611,28
ID-3612,38
ID-3613,30
ID-3614,33
ID-3615,31
ID-3616,34
ID-3617,33
ID-3618,37
ID-3620,40
ID-3621,21
ID-3622,27
ID-3623,30
ID-3624,33
ID-3625,23
ID-3626,20
ID-3627,24
ID-3628,38
ID-3629,26
ID-3630,NA
ID-3631,50
ID-3632,26
ID-3633,37
ID-3634,31
ID-3635,45
ID-3636,35
ID-3637,36
ID-3638,NA
ID-3639,42
ID-3640,36
ID-3641,22
ID-3642,28
ID-3643,25
ID-3644,37
ID-3645,32
ID-3646,66
ID-3647,43
ID-3648,23
ID-3649,59
ID-3650,32
ID-3619,60
ID-3651,NA
ID-3652,60
ID-3653,70
ID-3654,33
ID-3655,45
ID-3656,31
ID-3657,42
ID-3658,30
ID-3659,40
ID-3660,28
ID-3661,47
ID-3662,18
ID-3663,NA
ID-3664,31
ID-3665,26
ID-3666,NA
ID-3667,28
ID-3668,45
ID-3669,33
ID-3670,46
ID-3671,36
ID-3672,31
ID-3673,41
ID-3674,30
ID-3675,31
ID-3676,35
ID-3677,24
ID-3678,24
ID-3679,38
ID-3680,46
ID-3681,61
ID-3682,20
ID-3683,28
ID-3684,10
ID-3685,35
ID-3686,28
ID-3687,22
ID-3688,45
ID-3689,27
ID-3690,32
ID-3691,40
ID-3692,25
ID-3693,30
ID-3694,NA
ID-3695,47
ID-3696,35
ID-3697,25
ID-3698,25
ID-3699,25
ID-3701,25
ID-3702,32
ID-3703,21
ID-3704,30
ID-3705,26
ID-3706,38
ID-3700,50
ID-3707,33
ID-3708,34
ID-3709,25
ID-3710,31
ID-3711,50
ID-3712,19
ID-3713,29
ID-3714,32
ID-3715,59
ID-3716,32
ID-3717,50
ID-3718,30
ID-3719,58
ID-3720,26
ID-3721,29
ID-3722,33
ID-3723,26
ID-3724,38
ID-3725,43
ID-3726,30
ID-3727,33
ID-3728,46
ID-3729,30
ID-3730,39
ID-3731,34
ID-3732,28
ID-3733,32
ID-3734,70
ID-3735,34
ID-3736,50
ID-3737,31
ID-3738,34
ID-3739,34
ID-3740,27
ID-3741,30
ID-3742,21
ID-3743,27
ID-3744,35
ID-3745,19
ID-3746,30
ID-3747,40
ID-3748,28
ID-3749,52
ID-3750,30
ID-3751,45
ID-3752,71
ID-3753,34
ID-3754,40
ID-3755,30
ID-3756,33
ID-3757,30
ID-3758,31
ID-3759,40
ID-3760,30
ID-3761,37
ID-3762,51
ID-3763,33
ID-3765,22
ID-3766,35
ID-3767,40
ID-3768,49
ID-3769,59
ID-3770,35
ID-3771,36
ID-3772,27
ID-3773,36
ID-3774,39
ID-3775,36
ID-3776,17
ID-3764,NA
ID-3777,35
ID-3778,26
ID-3779,37
ID-3780,38
ID-3781,29
ID-3782,58
ID-3783,34
ID-3784,56
ID-3785,40
ID-3786,26
ID-3788,35
ID-3789,29
ID-3790,23
ID-3791,19
ID-3792,21
ID-3793,25
ID-3794,39
ID-3795,35
ID-3796,31
ID-3797,47
ID-3798,33
ID-3799,33
ID-3800,35
ID-3787,42
ID-3801,24
ID-3802,35
ID-3803,32
ID-3804,55
ID-3805,29
ID-3806,27
ID-3807,25
ID-3808,33
ID-3809,31
ID-3810,32
ID-3811,27
ID-3812,26
ID-3813,55
ID-3814,27
ID-3815,30
ID-3816,29
ID-3817,29
ID-3818,25
ID-3819,40
ID-3820,21
ID-3821,33
ID-3822,NA
ID-3823,NA
ID-3824,30
ID-3825,42
ID-3826,31
ID-3827,36
ID-3828,31
ID-3829,37
ID-3830,49
ID-3831,46
ID-3832,34
ID-3833,33
ID-3834,26
ID-3835,24
ID-3836,28
ID-3838,25
ID-3839,26
ID-3840,44
ID-3841,27
ID-3842,22
ID-3843,32
ID-3844,33
ID-3845,NA
ID-3846,30
ID-3847,37
ID-3848,31
ID-3837,33
ID-3849,52
ID-3850,35
ID-3851,27
ID-3852,23
ID-3853,27
ID-3854,24
ID-3855,27
ID-3856,32
ID-3857,32
ID-3858,45
ID-3859,NA
ID-3860,34
ID-3861,26
ID-3862,41
ID-3863,34
ID-3864,31
ID-3865,64
ID-3866,22
ID-3867,17
ID-3868,12
ID-3869,22
ID-3870,41
ID-3871,37
ID-3872,28
ID-3873,27
ID-3874,64
ID-3875,27
ID-3876,31
ID-3877,38
ID-3878,35
ID-3879,30
ID-3880,39
ID-3881,31
ID-3882,30
ID-3883,33
ID-3884,45
ID-3885,24
ID-3886,42
ID-3887,24
ID-3888,41
ID-3889,33
ID-3890,23
ID-3891,35
ID-3892,41
ID-3893,10
ID-3894,16
ID-3895,36
ID-3896,36
ID-3897,59
ID-3898,39
ID-3899,27
ID-3900,23
ID-3901,44
ID-3902,50
ID-3903,21
ID-3904,45
ID-3905,43
ID-3906,44
ID-3907,33
ID-3908,20
ID-3909,36
ID-3910,NA
ID-3911,32
ID-3912,62
ID-3913,46
ID-3914,29
ID-3915,19
ID-3916,42
ID-3917,27
ID-3918,34
ID-3919,30
ID-3920,62
ID-3921,44
ID-3922,33
ID-3923,23
ID-3924,40
ID-3925,47
ID-3926,40
ID-3927,34
ID-3928,46
ID-3929,39
ID-3930,57
ID-3931,42
ID-3932,36
ID-3933,33
ID-3934,40
ID-3935,52
ID-3936,52
ID-3937,53
ID-3938,32
ID-3939,37
ID-3940,34
ID-3941,41
ID-3942,27
ID-3943,28
ID-3944,15
ID-3945,50
ID-3946,33
ID-3947,40
ID-3948,33
ID-3949,46
ID-3950,27
ID-3951,37
ID-3952,29
ID-3953,38
ID-3954,34
ID-3955,46
ID-3956,42
ID-3957,24
ID-3958,23
ID-3959,44
ID-3960,29
ID-3961,37
ID-3962,45
ID-3963,41
ID-3964,56
ID-3965,26
ID-3966,27
ID-3967,34
ID-3968,34
ID-3969,60
ID-3970,28
ID-3971,26
ID-3972,39
ID-3974,24
ID-3975,27
ID-3976,27
ID-3977,35
ID-3978,NA
ID-3979,26
ID-3973,32
ID-3980,57
ID-3981,45
ID-3982,24
ID-3983,53
ID-3984,27
ID-3985,30
ID-3986,20
ID-3987,29
ID-3988,31
ID-3989,34
ID-3990,39
ID-3991,22
ID-3992,25
ID-3993,29
ID-3994,35
ID-3995,34
ID-3996,44
ID-3997,28
ID-3998,29
ID-3999,38
ID-4000,35
ID-4001,26
ID-4002,25
ID-4003,46
ID-4004,26
ID-4005,42
ID-4006,16
ID-4007,29
ID-4008,32
ID-4009,20
ID-4010,54
ID-4011,29
ID-4012,21
ID-4013,44
ID-4014,24
ID-4015,41
ID-4016,20
ID-4017,35
ID-4018,33
ID-4019,38
ID-4020,47
ID-4021,27
ID-4022,19
ID-4023,29
ID-4024,41
ID-4025,32
ID-4026,46
ID-4027,33
ID-4028,27
ID-4029,27
ID-4030,43
ID-4031,26
ID-4032,31
ID-4033,53
ID-4034,31
ID-4035,34
ID-4036,40
ID-4037,NA
ID-4038,44
ID-4039,NA
ID-4040,39
ID-4041,29
ID-4042,29
ID-4043,30
ID-4044,29
ID-4045,34
ID-4046,36
ID-4047,NA
ID-4048,51
ID-4049,25
ID-4050,36
ID-4051,39
ID-4052,52
ID-4053,66
ID-4054,32
ID-4055,22
ID-4056,44
ID-4057,30
ID-4058,37
ID-4059,27
ID-4060,43
ID-4061,29
ID-4062,32
ID-4063,52
ID-4064,29
ID-4065,59
ID-4066,45
ID-1882,36
ID-1883,23
ID-1884,33
ID-1885,36
ID-4067,37
ID-4068,32
ID-4069,36
ID-4070,30
ID-4071,46
ID-4072,41
ID-4073,32
ID-4074,26
ID-4075,36
ID-4076,31
ID-4077,39
ID-4078,32
ID-4079,33
ID-4080,14
ID-4081,NA
ID-4082,22
ID-4083,39
ID-4084,36
ID-4085,48
ID-4086,47
ID-4087,32
ID-4088,40
ID-4089,26
ID-4090,52
ID-4091,31
ID-4092,27
ID-4093,34
ID-4094,58
ID-4095,24
ID-4096,39
ID-4097,45
ID-4098,29
ID-4099,45
ID-4100,35
ID-4101,33
ID-4102,45
ID-4103,19
ID-4104,38
ID-4105,27
ID-4106,31
ID-4107,19
ID-4108,NA
ID-4109,27
ID-4110,29
ID-4111,56
ID-4112,22
ID-4113,41
ID-4114,41
ID-4115,30
ID-4116,20
ID-4118,38
ID-4117,29
ID-4119,30
ID-4120,44
ID-4121,44
ID-4122,35
ID-4123,28
ID-4124,21
ID-4125,39
ID-4127,44
ID-4126,34
ID-4128,35
ID-4129,NA
ID-4130,45
ID-4131,30
ID-4132,47
ID-4133,49
ID-4134,26
ID-4135,27
ID-4136,40
ID-4137,20
ID-4138,44
ID-4139,33
ID-4140,44
ID-4141,31
ID-4142,34
ID-4143,23
ID-4144,34
ID-4145,35
ID-4923,53
ID-4924,49
ID-4925,46
ID-4926,36
ID-4927,33
ID-4928,42
ID-4929,42
ID-4930,42
ID-4931,29
ID-4932,34
ID-4933,29
ID-4934,29
ID-4935,35
ID-4936,37
ID-4937,40
ID-4938,50
ID-4939,43
ID-4940,31
ID-4941,56
ID-4942,54
ID-4943,28
ID-4944,25
ID-4946,37
ID-4945,18
ID-4947,37
ID-4948,25
ID-4949,47
ID-4950,21
ID-4951,47
ID-4952,51
ID-4953,36
ID-4954,39
ID-4955,NA
ID-4956,46
ID-4957,NA
ID-4958,30
ID-4959,30
ID-4960,53
ID-4961,18
ID-4962,34
ID-4963,45
ID-4964,28
ID-4965,22
ID-4966,39
ID-4967,51
ID-4968,45
ID-4969,43
ID-4970,58
ID-4971,24
ID-4972,46
ID-4973,31
ID-4974,44
ID-4975,40
ID-4977,32
ID-4978,27
ID-4979,42
ID-4980,17
ID-4981,59
ID-4976,43
ID-4982,29
ID-4983,38
ID-4984,46
ID-4985,43
ID-4986,29
ID-4987,30
ID-4988,27
ID-4989,27
ID-4990,NA
ID-4991,15
ID-4992,34
ID-4993,28
ID-4994,52
ID-4995,25
ID-4996,23
ID-4997,32
ID-4998,49
ID-4999,49
ID-5000,36
ID-5001,28
ID-5002,NA
ID-5003,85
ID-5004,26
ID-5005,27
ID-5006,39
ID-5007,40
ID-5008,15
ID-5009,38
ID-5010,34
ID-5011,36
ID-5012,36
ID-5013,NA
ID-5014,20
ID-5015,47
ID-5016,41
ID-5017,38
ID-5018,33
ID-5019,32
ID-5020,20
ID-5021,30
ID-5022,42
ID-5023,51
ID-5024,33
ID-5025,50
ID-5026,65
ID-5027,37
ID-5028,42
ID-5029,31
ID-5030,43
ID-5031,28
ID-5032,37
ID-5033,25
ID-5034,41
ID-5035,48
ID-5036,42
ID-5037,37
ID-5038,55
ID-5039,36
ID-5040,39
ID-5041,35
ID-5042,51
ID-5043,36
ID-5044,22
ID-5045,28
ID-5046,33
ID-5047,NA
ID-5048,34
ID-5049,32
ID-5050,33
ID-5051,38
ID-5052,43
ID-5053,42
ID-5054,34
ID-5055,32
ID-5056,39
ID-5057,45
ID-5058,31
ID-5059,41
ID-5060,NA
ID-5061,27
ID-5062,46
ID-5063,42
ID-5064,24
ID-5065,37
ID-5066,42
ID-5067,37
ID-5068,21
ID-5069,60
ID-5070,31
ID-5071,27
ID-5072,34
ID-5073,38
ID-5074,39
ID-5075,43
ID-5077,30
ID-5078,33
ID-5079,30
ID-5080,18
ID-5081,43
ID-5082,39
ID-5083,36
ID-5084,13
ID-5085,20
ID-5086,32
ID-5087,42
ID-5088,45
ID-5089,55
ID-5090,NA
ID-5091,12
ID-5092,34
ID-5093,31
ID-5094,30
ID-5095,NA
ID-5096,29
ID-5097,40
ID-5098,36
ID-5099,43
ID-5100,26
ID-5101,30
ID-5102,31
ID-5103,48
ID-5104,50
ID-5105,27
ID-5106,18
ID-5107,45
ID-5108,32
ID-5109,33
ID-5110,44
ID-5111,26
ID-5112,34
ID-5113,41
ID-5115,38
ID-5116,42
ID-5117,36
ID-5114,41
ID-5118,55
ID-5119,31
ID-5120,39
ID-5121,35
ID-5122,31
ID-5123,22
ID-5124,35
ID-5125,45
ID-5126,32
ID-5127,30
ID-5128,67
ID-5129,35
ID-5130,32
ID-5131,36
ID-5132,37
ID-5133,16
ID-5134,43
ID-5135,31
ID-5136,35
ID-5137,22
ID-5138,28
ID-5139,NA
ID-5140,39
ID-5141,33
ID-5142,26
ID-5143,30
ID-5144,45
ID-5145,37
ID-5146,30
ID-5147,42
ID-5148,49
ID-5149,38
ID-5150,47
ID-5151,NA
ID-5152,31
ID-5153,38
ID-5155,29
ID-5154,35
ID-5156,50
ID-5157,40
ID-5158,26
ID-5159,38
ID-5160,32
ID-5161,34
ID-5162,30
ID-5163,30
ID-5164,49
ID-5165,28
ID-5166,56
ID-5167,40
ID-5168,36
ID-5169,28
ID-5170,48
ID-5171,33
ID-5172,25
ID-5173,27
ID-5174,26
ID-5175,16
ID-5176,17
ID-5177,33
ID-5178,39
ID-5179,42
ID-5180,36
ID-5181,49
ID-5182,51
ID-5183,31
ID-5184,30
ID-5185,33
ID-5186,23
ID-5187,21
ID-5188,31
ID-5189,40
ID-5190,31
ID-5191,29
ID-5192,28
ID-5076,29
ID-5193,45
ID-5194,52
ID-5195,46
ID-5196,43
ID-5197,42
ID-5198,24
ID-5199,45
ID-5200,34
ID-5201,26
ID-5202,39
ID-5203,52
ID-5204,27
ID-5205,52
ID-5206,33
ID-5207,24
ID-5208,37
ID-5209,37
ID-5210,28
ID-5211,35
ID-5212,35
ID-5213,34
ID-5214,36
ID-5215,28
ID-5216,43
ID-5217,43
ID-5218,33
ID-5219,31
ID-5220,36
ID-5221,62
ID-5222,NA
ID-5223,31
ID-5224,45
ID-5225,28
ID-5226,21
ID-5227,51
ID-5228,45
ID-5229,26
ID-5230,38
ID-5231,29
ID-5232,27
ID-5233,52
ID-5234,33
ID-5235,31
ID-5236,32
ID-5237,30
ID-5238,45
ID-5239,36
ID-5240,37
ID-5241,31
ID-5242,28
ID-5243,32
ID-5244,51
ID-5245,38
ID-5246,27
ID-5247,22
ID-5248,40
ID-5249,25
ID-5250,45
ID-5251,23
ID-5252,30
ID-5253,25
ID-5254,29
ID-5255,46
ID-5256,24
ID-5257,55
ID-5258,46
ID-5259,35
ID-5260,31
ID-5261,38
ID-5262,29
ID-5263,56
ID-5264,37
ID-5265,40
ID-5266,31
ID-5267,24
ID-5268,46
ID-5269,45
ID-5270,26
ID-5271,31
ID-5272,40
ID-5273,58
ID-5274,30
ID-5275,25
ID-5276,37
ID-5277,32
ID-5278,16
ID-5279,44
ID-5280,31
ID-5281,34
ID-5282,27
ID-5283,39
ID-5284,44
ID-5285,34
ID-5286,38
ID-5287,45
ID-5288,25
ID-5289,32
ID-5290,33
ID-5291,38
ID-5292,31
ID-5293,32
ID-5294,42
ID-5295,45
ID-5296,33
ID-5297,20
ID-5298,24
ID-5299,34
ID-5300,40
ID-5301,31
ID-5302,36
ID-5303,33
ID-5304,NA
ID-5305,45
ID-5306,34
ID-5307,29
ID-5308,56
ID-5309,54
ID-5310,30
ID-5311,21
ID-5312,24
ID-5313,55
ID-5314,17
ID-5315,48
ID-5316,33
ID-5317,39
ID-5318,46
ID-5319,27
ID-5320,36
ID-5321,NA
ID-5322,50
ID-5323,31
ID-5324,36
ID-5325,28
ID-5326,39
ID-5327,25
ID-5328,32
ID-5329,29
ID-5330,34
ID-5331,25
ID-5332,40
ID-5333,21
ID-5334,53
ID-5335,38
ID-5336,49
ID-5337,30
ID-5338,38
ID-5339,40
ID-5340,41
ID-5341,28
ID-5342,35
ID-5343,31
ID-5344,28
ID-5345,25
ID-5346,52
ID-5347,53
ID-5348,30
ID-5349,24
ID-5350,28
ID-5351,30
ID-5352,32
ID-5353,47
ID-5354,28
ID-5355,27
ID-4146,35
ID-4147,42
ID-4148,45
ID-4149,16
ID-4150,34
ID-4151,48
ID-4152,31
ID-4153,38
ID-4154,35
ID-4155,40
ID-4156,55
ID-4157,34
ID-4158,58
ID-4159,32
ID-4160,30
ID-4161,33
ID-4162,30
ID-4163,24
ID-4164,29
ID-4165,27
ID-4166,34
ID-4167,25
ID-4168,29
ID-4169,30
ID-4170,37
ID-4171,29
ID-4172,28
ID-4173,25
ID-4174,32
ID-4175,37
ID-4176,35
ID-4177,29
ID-4178,38
ID-5356,33
ID-5357,42
ID-5358,40
ID-5359,45
ID-5360,NA
ID-5361,27
ID-5362,23
ID-5363,25
ID-5364,38
ID-5365,35
ID-5366,36
ID-5367,36
ID-5368,32
ID-5369,NA
ID-5370,21
ID-5371,28
ID-5373,24
ID-5372,37
ID-5374,29
ID-5375,44
ID-5376,33
ID-5377,45
ID-5378,13
ID-5379,43
ID-5380,42
ID-5381,35
ID-5382,45
ID-5383,44
ID-5384,29
ID-5385,26
ID-5386,NA
ID-5387,34
ID-5388,27
ID-5389,27
ID-5390,32
ID-5391,19
ID-5392,27
ID-5393,43
ID-4179,31
ID-4180,65
ID-4181,31
ID-4182,37
ID-4183,33
ID-4184,58
ID-4185,30
ID-4186,33
ID-4187,35
ID-4188,27
ID-4189,30
ID-4190,28
ID-4191,36
ID-4192,35
ID-4193,20
ID-4194,34
ID-4195,26
ID-4196,35
ID-4197,49
ID-4198,28
ID-4199,28
ID-4200,24
ID-4201,34
ID-4202,43
ID-4203,34
ID-4204,31
ID-4205,NA
ID-4206,28
ID-4207,35
ID-4208,32
ID-4209,38
ID-4210,43
ID-4211,52
ID-4212,29
ID-4213,28
ID-4214,66
ID-4215,31
ID-4216,31
ID-4217,32
ID-4218,37
ID-4219,40
ID-4220,50
ID-4221,26
ID-4222,32
ID-4223,21
ID-4224,36
ID-4225,27
ID-4226,32
ID-4227,28
ID-4228,54
ID-4229,31
ID-4230,NA
ID-4231,28
ID-4232,43
ID-4233,29
ID-4234,32
ID-4235,37
ID-4236,53
ID-4237,26
ID-4238,40
ID-4239,27
ID-4240,26
ID-4241,30
ID-4242,29
ID-4243,45
ID-4244,37
ID-4245,30
ID-4246,27
ID-4247,43
ID-4248,44
ID-4249,32
ID-4250,NA
ID-4251,38
ID-4252,50
ID-4253,34
ID-4254,32
ID-4255,38
ID-4256,35
ID-4257,25
ID-4258,34
ID-4259,56
ID-4260,27
ID-4261,24
ID-4262,40
ID-4263,39
ID-4264,33
ID-4265,27
ID-4266,31
ID-4267,31
ID-4268,45
ID-4269,18
ID-4270,41
ID-4271,40
ID-4272,32
ID-4273,27
ID-4274,29
ID-4275,45
ID-4276,40
ID-4278,22
ID-4277,34
ID-4279,28
ID-4280,29
ID-4281,35
ID-4282,25
ID-4283,38
ID-4284,39
ID-4285,44
ID-4286,57
ID-4287,28
ID-4288,26
ID-4289,26
ID-4290,35
ID-4291,NA
ID-4292,21
ID-4293,53
ID-4294,40
ID-4295,34
ID-4296,38
ID-4297,40
ID-4298,28
ID-4299,26
ID-4300,43
ID-4301,28
ID-4302,26
ID-4303,28
ID-4304,23
ID-4305,29
ID-4308,29
ID-4309,38
ID-4310,61
ID-4311,40
ID-4312,21
ID-4313,26
ID-4307,30
ID-4314,28
ID-4315,30
ID-4316,35
ID-4317,35
ID-4318,35
ID-4319,28
ID-4320,41
ID-4321,27
ID-4322,28
ID-4323,35
ID-4324,28
ID-4325,51
ID-4306,35
ID-4326,34
ID-4327,42
ID-4328,30
ID-4330,43
ID-4331,41
ID-4332,NA
ID-4333,31
ID-4334,26
ID-4329,41
ID-4335,37
ID-4336,50
ID-4337,33
ID-4338,51
ID-4339,28
ID-4340,41
ID-4341,28
ID-4342,48
ID-4343,36
ID-4344,31
ID-4345,36
ID-4346,61
ID-4347,46
ID-4348,28
ID-4349,26
ID-4350,40
ID-4351,34
ID-4352,65
ID-4353,21
ID-4354,43
ID-4355,36
ID-4356,37
ID-4357,37
ID-4358,24
ID-4359,NA
ID-4360,31
ID-4361,36
ID-4362,31
ID-4363,27
ID-4364,27
ID-4365,45
ID-4366,37
ID-4367,44
ID-4368,30
ID-4369,38
ID-4370,32
ID-4371,29
ID-4372,35
ID-4373,36
ID-4374,51
ID-4375,35
ID-4376,41
ID-4377,58
ID-4378,40
ID-4379,43
ID-4380,32
ID-4381,25
ID-4382,35
ID-4383,30
ID-4384,33
ID-4385,32
ID-4386,32
ID-4387,46
ID-4388,23
ID-4389,38
ID-4390,33
ID-4391,24
ID-4392,48
ID-4393,46
ID-4394,8
ID-4395,44
ID-4396,45
ID-4397,29
ID-4398,47
ID-4399,30
ID-4400,20
ID-4401,21
ID-4402,42
ID-4403,30
ID-4404,20
ID-4405,29
ID-4406,21
ID-4407,31
ID-4408,33
ID-4409,43
ID-4410,47
ID-4411,22
ID-4412,31
ID-4413,47
ID-4414,NA
ID-4415,32
ID-4416,54
ID-4417,38
ID-4418,57
ID-4419,32
ID-4420,34
ID-4421,27
ID-4422,38
ID-4423,35
ID-4424,36
ID-4425,33
ID-4426,33
ID-4427,53
ID-4428,36
ID-4429,24
ID-4430,36
ID-4431,37
ID-4432,27
ID-4433,49
ID-4434,NA
ID-4435,33
ID-4436,31
ID-4437,35
ID-4438,32
ID-4439,44
ID-4440,13
ID-4441,36
ID-4442,32
ID-4443,30
ID-4444,34
ID-4445,51
ID-4446,48
ID-4447,60
ID-4448,42
ID-4449,36
ID-4450,42
ID-4451,22
ID-4452,33
ID-4453,NA
ID-4454,46
ID-4455,33
ID-4456,27
ID-4457,30
ID-4458,30
ID-4459,35
ID-4460,38
ID-4461,26
ID-4462,31
ID-4463,NA
ID-4464,25
ID-4465,31
ID-4466,39
ID-4467,31
ID-4468,37
ID-4469,51
ID-4470,45
ID-4471,25
ID-4472,35
ID-4473,48
ID-4474,37
ID-4475,34
ID-4476,26
ID-4477,29
ID-4478,33
ID-4479,34
ID-4480,NA
ID-4481,63
ID-4482,31
ID-4483,59
ID-4484,39
ID-4485,31
ID-4486,37
ID-4487,46
ID-4488,30
ID-4489,34
ID-4490,29
ID-4491,50
ID-4492,41
ID-4493,50
ID-4494,26
ID-4495,22
ID-4496,32
ID-4497,47
ID-4498,23
ID-4499,40
ID-4500,30
ID-4501,NA
ID-4502,37
ID-4503,27
ID-4504,25
ID-4505,24
ID-4506,35
ID-4507,35
ID-4508,29
ID-4509,35
ID-4510,32
ID-4511,32
ID-4512,28
ID-4513,39
ID-4514,23
ID-4515,40
ID-4516,34
ID-4517,45
ID-4518,28
ID-4519,34
ID-4520,37
ID-4521,35
ID-4522,31
ID-4523,45
ID-4524,27
ID-4525,45
ID-4526,40
ID-4527,26
ID-4528,34
ID-4529,59
ID-4530,25
ID-4531,32
ID-4532,34
ID-4533,28
ID-4534,35
ID-4535,30
ID-4536,41
ID-4537,28
ID-4538,29
ID-4539,58
ID-4540,28
ID-4541,23
ID-4542,NA
ID-4543,21
ID-4544,32
ID-4545,33
ID-4546,30
ID-4547,30
ID-4548,36
ID-4549,33
ID-4550,34
ID-4551,30
ID-4552,42
ID-4553,25
ID-4554,33
ID-4555,32
ID-4556,49
ID-4557,39
ID-4558,44
ID-4559,35
ID-4560,17
ID-4561,30
ID-4562,36
ID-4563,35
ID-4564,42
ID-4565,42
ID-4566,29
ID-4567,22
ID-4568,27
ID-4569,29
ID-4570,42
ID-4571,38
ID-4572,46
ID-4573,28
ID-4574,28
ID-4575,50
ID-4576,26
ID-4577,41
ID-4578,35
ID-4579,34
ID-4580,52
ID-4581,36
ID-4582,44
ID-4583,45
ID-4584,25
ID-4585,NA
ID-4586,27
ID-4587,32
ID-4588,45
ID-4589,12
ID-4590,28
ID-4591,22
ID-4592,35
ID-4593,NA
ID-4594,23
ID-4595,28
ID-4596,NA
ID-4597,35
ID-4598,34
ID-4599,33
ID-4600,46
ID-4601,49
ID-4602,31
ID-4603,55
ID-4604,27
ID-4605,16
ID-4606,33
ID-4607,22
ID-4608,30
ID-4609,30
ID-4610,29
ID-4611,40
ID-4612,49
ID-4613,35
ID-4614,39
ID-4615,23
ID-4616,NA
ID-4617,30
ID-4618,33
ID-4620,32
ID-4621,46
ID-4622,32
ID-4623,26
ID-4624,31
ID-4625,47
ID-4626,20
ID-4627,58
ID-4628,NA
ID-4629,24
ID-4630,35
ID-4631,31
ID-4632,32
ID-4633,30
ID-4619,51
ID-4634,29
ID-4635,29
ID-4636,36
ID-4637,26
ID-4638,34
ID-4639,28
ID-4640,34
ID-4641,28
ID-4642,29
ID-4643,33
ID-4644,34
ID-4645,49
ID-4646,19
ID-4647,52
ID-4648,40
ID-4649,29
ID-4650,19
ID-4651,39
ID-4652,26
ID-4653,45
ID-4654,42
ID-4655,56
ID-4656,9
ID-4657,23
ID-4658,33
ID-4659,45
ID-4660,26
ID-4661,41
ID-4662,42
ID-4663,34
ID-4664,37
ID-4665,23
ID-4666,24
ID-4667,35
ID-4668,33
ID-4669,35
ID-4671,50
ID-4672,42
ID-4673,57
ID-4674,35
ID-4675,24
ID-4670,26
ID-4676,33
ID-4677,40
ID-4678,25
ID-4679,NA
ID-4680,42
ID-4681,NA
ID-4682,26
ID-4683,55
ID-4684,97
ID-4685,NA
ID-4686,67
ID-4687,NA
ID-4688,44
ID-4689,47
ID-4690,34
ID-4691,62
ID-4692,67
ID-4693,26
ID-4694,32
ID-4695,22
ID-4696,32
ID-4697,60
ID-4698,29
ID-4699,46
ID-4700,39
ID-4701,33
ID-4702,30
ID-4703,44
ID-4704,38
ID-4705,33
ID-4706,35
ID-4707,28
ID-4708,32
ID-4709,41
ID-4710,38
ID-4711,30
ID-4712,29
ID-4713,36
ID-4714,30
ID-4715,62
ID-4716,36
ID-4717,33
ID-4718,29
ID-4719,54
ID-4720,67
ID-4721,21
ID-4722,57
ID-4723,NA
ID-4724,28
ID-4725,36
ID-4726,32
ID-4727,27
ID-4728,26
ID-4729,38
ID-4730,32
ID-4731,42
ID-4732,46
ID-4733,38
ID-4734,34
ID-4735,31
ID-4736,30
ID-4737,27
ID-4738,38
ID-4739,39
ID-4740,65
ID-4741,30
ID-4742,33
ID-4743,37
ID-4744,31
ID-4745,33
ID-4746,26
ID-4747,38
ID-4748,14
ID-4749,39
ID-4750,29
ID-4751,25
ID-4752,35
ID-4753,27
ID-4754,72
ID-4755,19
ID-4756,32
ID-4757,31
ID-4758,NA
ID-4759,47
ID-4760,43
ID-4761,39
ID-4762,27
ID-4763,41
ID-4764,35
ID-4765,47
ID-4766,29
ID-4767,33
ID-4768,31
ID-4769,23
ID-4770,31
ID-4771,52
ID-4772,24
ID-4773,28
ID-4774,37
ID-4775,68
ID-4776,35
ID-4777,28
ID-4778,24
ID-4779,36
ID-4780,26
ID-4781,30
ID-4782,NA
ID-4783,50
ID-4784,32
ID-4785,17
ID-4786,38
ID-4787,NA
ID-4788,15
ID-4789,30
ID-4790,37
ID-4791,27
ID-4792,NA
ID-4793,30
ID-4794,31
ID-4795,35
ID-4796,40
ID-4797,34
ID-4798,35
ID-4799,31
ID-4800,26
ID-4801,27
ID-4802,48
ID-4803,45
ID-4804,13
ID-4806,33
ID-4807,35
ID-4808,34
ID-4809,35
ID-4810,37
ID-4811,37
ID-4812,24
ID-4813,26
ID-4814,43
ID-4815,34
ID-4816,34
ID-4817,63
ID-4818,55
ID-4819,46
ID-4805,29
ID-4820,49
ID-4821,47
ID-4822,30
ID-4823,30
ID-4824,34
ID-4825,35
ID-4826,25
ID-4827,29
ID-4828,48
ID-4829,62
ID-4830,NA
ID-4831,35
ID-4832,32
ID-4833,31
ID-4834,NA
ID-4835,32
ID-4836,48
ID-4837,35
ID-4838,29
ID-4839,53
ID-4840,44
ID-4841,NA
ID-4842,34
ID-4843,42
ID-4844,51
ID-4845,19
ID-4846,58
ID-4847,47
ID-4848,25
ID-4849,NA
ID-4850,NA
ID-4851,13
ID-4852,24
ID-4853,30
ID-4854,31
ID-4855,65
ID-4856,13
ID-4857,28
ID-4858,30
ID-4859,13
ID-4860,36
ID-4861,30
ID-4862,31
ID-4863,51
ID-4864,24
ID-4865,NA
ID-4866,24
ID-4867,26
ID-4868,32
ID-4869,24
ID-4870,NA
ID-4871,21
ID-4872,31
ID-4873,NA
ID-4874,35
ID-4875,48
ID-4876,28
ID-4877,26
ID-4878,NA
ID-4879,41
ID-4880,17
ID-4881,18
ID-4882,25
ID-4883,50
ID-4884,26
ID-4885,37
ID-4886,27
ID-4887,47
ID-4888,31
ID-4889,31
ID-4890,35
ID-4891,32
ID-4892,8
ID-4893,7
ID-4894,45
ID-4895,19
ID-4896,42
ID-4897,33
ID-4898,13
ID-4899,28
ID-4900,20
ID-4901,31
ID-4902,25
ID-4903,37
ID-4904,44
ID-4905,32
ID-4906,32
ID-4907,31
ID-4908,27
ID-4909,30
ID-4910,50
ID-4911,35
ID-4912,31
ID-4913,30
ID-4914,46
ID-4915,38
ID-4916,36
ID-4917,26
ID-4918,54
ID-4919,32
ID-4920,32
ID-4921,42
ID-4922,31
ID-5394,26
ID-5395,29
ID-5396,35
ID-5397,28
ID-5398,28
ID-5399,14
ID-5400,60
ID-5518,53
ID-5519,42
ID-5520,62
ID-5521,47
ID-5522,36
ID-5523,39
ID-5524,NA
ID-5525,53
ID-5526,51
ID-5527,42
ID-5528,34
ID-5529,60
ID-5530,52
ID-5531,46
ID-5532,53
ID-5533,42
ID-5534,9
ID-5535,45
ID-5536,44
ID-5537,25
ID-5538,59
ID-5539,50
ID-5540,57
ID-5541,60
ID-5542,38
ID-5543,45
ID-5544,61
ID-5545,64
ID-5546,33
ID-5547,NA
ID-5548,52
ID-5549,58
ID-5550,50
ID-5551,57
ID-5552,37
ID-5553,64
ID-5554,NA
ID-5555,38
ID-5556,36
ID-5557,48
ID-5558,27
ID-5559,57
ID-5560,48
ID-5561,52
ID-5562,15
ID-5563,23
ID-5564,39
ID-5565,NA
ID-5566,25
ID-5567,26
ID-5568,54
ID-5569,23
ID-5570,36
ID-5571,NA
ID-5572,43
ID-5573,44
ID-5574,57
ID-5575,46
ID-5576,NA
ID-5577,25
ID-5578,51
ID-5579,38
ID-5580,46
ID-5581,43
ID-5582,29
ID-5583,30
ID-5584,30
ID-5585,59
ID-5586,33
ID-5587,18
ID-5588,31
ID-5589,29
ID-5590,18
ID-5591,69
ID-5592,37
ID-5593,25
ID-5594,45
ID-5595,18
ID-5596,35
ID-5597,45
ID-5598,42
ID-5599,60
ID-5600,29
ID-5601,30
ID-5602,52
ID-5603,52
ID-5604,50
ID-5605,34
ID-5606,44
ID-5607,66
ID-5608,49
ID-5609,27
ID-5610,39
ID-5401,44
ID-5402,26
ID-5403,46
ID-5404,45
ID-5611,31
ID-5612,42
ID-5613,38
ID-5614,54
ID-5615,58
ID-5616,31
ID-5617,17
ID-5618,49
ID-5619,23
ID-5620,28
ID-5405,29
ID-5406,57
ID-5407,31
ID-5408,37
ID-5409,44
ID-5410,28
ID-5411,36
ID-5412,22
ID-5413,38
ID-5414,35
ID-5415,31
ID-5416,36
ID-5417,27
ID-5418,49
ID-5419,60
ID-5420,45
ID-5421,NA
ID-5422,28
ID-5423,24
ID-5424,29
ID-5426,43
ID-5427,45
ID-5428,57
ID-5425,55
ID-5429,64
ID-5430,64
ID-5431,35
ID-5432,32
ID-5433,62
ID-5434,72
ID-5435,25
ID-5436,31
ID-5437,67
ID-5438,35
ID-5439,31
ID-5440,31
ID-5441,25
ID-5442,25
ID-5443,31
ID-5444,36
ID-5445,50
ID-5446,31
ID-5447,35
ID-5448,31
ID-5449,24
ID-5450,57
ID-5451,46
ID-5452,33
ID-5453,33
ID-5454,23
ID-5455,51
ID-5456,32
ID-5457,31
ID-5458,28
ID-5459,39
ID-5460,34
ID-5461,58
ID-5462,22
ID-5463,66
ID-5464,68
ID-5465,27
ID-5466,22
ID-5467,56
ID-5468,55
ID-5469,31
ID-5470,26
ID-5471,52
ID-5472,33
ID-5473,NA
ID-5474,39
ID-5475,52
ID-5476,NA
ID-5477,51
ID-5478,30
ID-5479,45
ID-5480,30
ID-5481,24
ID-5482,25
ID-5483,44
ID-5484,NA
ID-5485,33
ID-5486,40
ID-5487,53
ID-5488,68
ID-5489,45
ID-5490,39
ID-5491,30
ID-5492,38
ID-5493,41
ID-5494,32
ID-5495,61
ID-5496,36
ID-5497,NA
ID-5498,30
ID-5499,58
ID-5500,28
ID-5501,52
ID-5502,24
ID-5503,38
ID-5504,36
ID-5505,32
ID-5506,34
ID-5507,69
ID-5508,41
ID-5509,30
ID-5510,38
ID-5511,49
ID-5512,53
ID-5513,NA
ID-5514,39
ID-5515,55
ID-5516,36
ID-5517,38
ID-5621,30
ID-5622,50
ID-5623,50
ID-5624,NA
ID-5625,40
ID-5626,50
ID-5627,43
ID-5628,35
ID-5629,38
ID-5630,44
ID-5631,45
ID-5632,22
ID-5633,53
ID-5634,40
ID-5635,36
ID-5643,NA
ID-5644,29
ID-5645,29
ID-5646,NA
ID-5647,20
ID-5648,33
ID-5649,59
ID-5650,12
ID-5651,44
ID-5652,36
ID-5653,33
ID-5654,29
ID-5655,32
ID-5656,43
ID-5657,NA
ID-5658,34
ID-5636,42
ID-5637,29
ID-5638,37
ID-5639,26
ID-5640,34
ID-5641,32
ID-5642,30
